time,USEmbassy,RenkeLUMS,PAirGardenTown,PAirDHAPhase2,PAirAnarkali,PAirHarbanspura,PAirDefenceChowk,PAirIqbalTown,PAirAkbarChowk,PAirTownship,MetStation,DentalCollege,EPAGulberg
1/1/2019,-1,-1,-1,-1,-1,-1,-1,-1,-1,-1,159.093,440.88,-1
1/2/2019,-1,-1,-1,-1,-1,-1,-1,-1,-1,-1,111.831,446.313,-1
1/3/2019,-1,-1,-1,-1,-1,-1,-1,-1,-1,-1,63.487,257.009,-1
1/4/2019,-1,-1,-1,-1,-1,-1,-1,-1,-1,-1,113.901,-1,-1
1/5/2019,-1,-1,-1,-1,-1,-1,-1,-1,-1,-1,90.38,-1,-1
1/6/2019,-1,-1,-1,-1,-1,-1,-1,-1,-1,-1,62.732,-1,-1
1/7/2019,-1,-1,-1,-1,-1,-1,-1,-1,-1,-1,93.595,175.168,-1
1/8/2019,-1,-1,-1,-1,-1,-1,-1,-1,-1,-1,90.026,209.285,-1
1/9/2019,-1,-1,-1,-1,-1,-1,-1,-1,-1,-1,72.258,201.819,-1
1/10/2019,-1,-1,-1,-1,-1,-1,-1,-1,-1,-1,82.336,208.404,-1
1/11/2019,-1,-1,-1,-1,-1,-1,-1,-1,-1,-1,99.026,212.782,-1
1/12/2019,-1,-1,-1,-1,-1,-1,-1,-1,-1,-1,76.449,76.449,-1
1/13/2019,-1,-1,-1,-1,-1,-1,-1,-1,-1,-1,31.984,72.122,-1
1/14/2019,-1,-1,-1,-1,-1,-1,-1,-1,-1,-1,37.462,99.753,-1
1/15/2019,-1,-1,-1,-1,-1,-1,-1,-1,-1,-1,70.989,217.439,-1
1/16/2019,-1,-1,-1,-1,-1,-1,-1,-1,-1,-1,67.198,274.757,-1
1/17/2019,-1,-1,-1,-1,-1,-1,-1,-1,-1,-1,91.003,277.076,-1
1/18/2019,-1,-1,-1,-1,-1,-1,-1,-1,-1,-1,63.153,232.196,-1
1/19/2019,-1,-1,-1,-1,-1,-1,-1,-1,-1,-1,57.166,231.868,-1
1/20/2019,-1,-1,-1,-1,-1,-1,-1,-1,-1,-1,36.793,201.236,-1
1/21/2019,-1,-1,-1,-1,-1,-1,-1,-1,-1,-1,30.325,85.715,-1
1/22/2019,-1,-1,-1,-1,-1,-1,-1,-1,-1,-1,24.382,45.805,-1
1/23/2019,-1,-1,-1,-1,-1,-1,-1,-1,-1,-1,45.201,67.371,-1
1/24/2019,-1,-1,-1,-1,-1,-1,-1,-1,-1,-1,79.851,155.754,-1
1/25/2019,-1,-1,-1,-1,-1,-1,-1,-1,-1,-1,64.374,196.062,-1
1/26/2019,-1,-1,-1,-1,-1,-1,-1,-1,-1,-1,77.873,163.862,-1
1/27/2019,-1,-1,-1,-1,-1,-1,-1,-1,-1,-1,52.023,319.068,-1
1/28/2019,-1,-1,-1,-1,-1,-1,-1,-1,-1,-1,55.692,257.743,-1
1/29/2019,-1,-1,-1,-1,-1,-1,-1,-1,-1,-1,44.914,134.676,-1
1/30/2019,-1,-1,-1,-1,-1,-1,-1,-1,-1,-1,39.459,261.908,-1
1/31/2019,-1,-1,-1,-1,-1,-1,-1,-1,-1,-1,15.281,63.282,-1
2/1/2019,-1,-1,-1,-1,-1,-1,-1,-1,-1,-1,26.123,70.435,-1
2/2/2019,-1,-1,-1,-1,-1,-1,-1,-1,-1,-1,26.533,134.949,-1
2/3/2019,-1,-1,-1,-1,-1,-1,-1,-1,-1,-1,29.892,220.817,-1
2/4/2019,-1,-1,-1,-1,-1,-1,-1,-1,-1,-1,30.126,216.486,-1
2/5/2019,-1,-1,-1,-1,-1,-1,-1,-1,-1,-1,17.545,212.325,-1
2/6/2019,-1,-1,-1,-1,-1,-1,-1,-1,-1,-1,8.4,124.729,-1
2/7/2019,-1,-1,-1,-1,-1,-1,-1,-1,-1,-1,-1,61.51,-1
2/8/2019,-1,-1,-1,-1,-1,-1,-1,-1,-1,-1,-1,53.459,-1
2/9/2019,-1,-1,-1,-1,-1,-1,-1,-1,-1,-1,-1,109.634,-1
2/10/2019,-1,-1,-1,-1,-1,-1,-1,-1,-1,-1,-1,148.333,-1
2/11/2019,-1,-1,-1,-1,-1,-1,-1,-1,-1,-1,31.683,197.839,-1
2/12/2019,-1,-1,-1,-1,-1,-1,-1,-1,-1,-1,96.545,244.796,-1
2/13/2019,-1,-1,-1,-1,-1,-1,-1,-1,-1,-1,51.306,51.306,-1
2/14/2019,-1,-1,-1,-1,-1,-1,-1,-1,-1,-1,103.276,103.276,-1
2/15/2019,-1,-1,-1,-1,-1,-1,-1,-1,-1,-1,123.086,85.411,-1
2/16/2019,-1,-1,-1,-1,-1,-1,-1,-1,-1,-1,105.12,144.411,-1
2/17/2019,-1,-1,-1,-1,-1,-1,-1,-1,-1,-1,88.474,138.667,-1
2/18/2019,-1,-1,-1,-1,-1,-1,-1,-1,-1,-1,45.284,50.424,-1
2/19/2019,-1,-1,-1,-1,-1,-1,-1,-1,-1,-1,70.124,56.028,-1
2/20/2019,-1,-1,-1,-1,-1,-1,-1,-1,-1,-1,72.693,72.693,-1
2/21/2019,-1,-1,-1,-1,-1,-1,-1,-1,-1,-1,43.539,52.397,-1
2/22/2019,-1,-1,-1,-1,-1,-1,-1,-1,-1,-1,51.469,51.469,-1
2/23/2019,-1,-1,-1,-1,-1,-1,-1,-1,-1,-1,78.336,197.965,-1
2/24/2019,-1,-1,-1,-1,-1,-1,-1,-1,-1,-1,76.264,109.568,-1
2/25/2019,-1,-1,-1,-1,-1,-1,-1,-1,-1,-1,86.01,194.567,-1
2/26/2019,-1,-1,-1,-1,-1,-1,-1,-1,-1,-1,55.717,65.762,-1
2/27/2019,-1,-1,-1,-1,-1,-1,-1,-1,-1,-1,63.476,-1,-1
2/28/2019,-1,-1,-1,-1,-1,-1,-1,-1,-1,-1,82.903,77.646,-1
3/1/2019,-1,-1,-1,-1,-1,-1,-1,-1,-1,-1,97.28,122.346,-1
3/2/2019,-1,-1,-1,-1,-1,-1,-1,-1,-1,-1,39.124,52.144,-1
3/3/2019,-1,-1,-1,-1,-1,-1,-1,-1,-1,-1,50.929,56.719,-1
3/4/2019,-1,-1,-1,-1,-1,-1,-1,-1,-1,-1,67.768,86.572,-1
3/5/2019,-1,-1,-1,-1,-1,-1,-1,-1,-1,-1,78.363,121.19,-1
3/6/2019,-1,-1,-1,-1,-1,-1,-1,-1,-1,-1,69.498,162.141,-1
3/7/2019,-1,-1,-1,-1,-1,-1,-1,-1,-1,-1,79.168,95.386,-1
3/8/2019,-1,-1,-1,-1,-1,-1,-1,-1,-1,-1,76.308,76.308,-1
3/9/2019,-1,-1,-1,-1,-1,-1,-1,-1,-1,-1,72.38,100.506,-1
3/10/2019,-1,-1,-1,-1,-1,-1,-1,-1,-1,-1,60.529,98.742,-1
3/11/2019,-1,-1,-1,-1,-1,-1,-1,-1,-1,-1,48.958,53.265,-1
3/12/2019,-1,-1,-1,-1,-1,-1,-1,-1,-1,-1,74.762,55.68,-1
3/13/2019,-1,-1,-1,-1,-1,-1,-1,-1,-1,-1,72.457,182.668,-1
3/14/2019,-1,-1,-1,-1,-1,-1,-1,-1,-1,-1,74.658,90.923,-1
3/15/2019,-1,-1,-1,-1,-1,-1,-1,-1,-1,-1,69.747,103.769,-1
3/16/2019,-1,-1,-1,-1,-1,-1,-1,-1,-1,-1,70.187,194.976,-1
3/17/2019,-1,-1,-1,-1,-1,-1,-1,-1,-1,-1,61.851,131.313,-1
3/18/2019,-1,-1,-1,-1,-1,-1,-1,-1,-1,-1,78.037,137.952,-1
3/19/2019,-1,-1,-1,-1,-1,-1,-1,-1,-1,-1,68.33,117.396,-1
3/20/2019,-1,-1,-1,-1,-1,-1,-1,-1,-1,-1,28.755,24.959,-1
3/21/2019,-1,-1,-1,-1,-1,-1,-1,-1,-1,-1,52.965,-1,-1
3/22/2019,-1,-1,-1,-1,-1,-1,-1,-1,-1,-1,59.299,-1,-1
3/23/2019,-1,-1,-1,-1,-1,-1,-1,-1,-1,-1,48.507,-1,-1
3/24/2019,-1,-1,-1,-1,-1,-1,-1,-1,-1,-1,53.181,-1,-1
3/25/2019,-1,-1,-1,-1,-1,-1,-1,-1,-1,-1,70.907,-1,-1
3/26/2019,-1,-1,-1,-1,-1,-1,-1,-1,-1,-1,72.91,-1,-1
3/27/2019,-1,-1,-1,-1,-1,-1,-1,-1,-1,-1,84.879,-1,-1
3/28/2019,-1,-1,-1,-1,-1,-1,-1,-1,-1,-1,69.779,-1,-1
3/29/2019,-1,-1,-1,-1,-1,-1,-1,-1,-1,-1,82.261,-1,-1
3/30/2019,-1,-1,-1,-1,-1,-1,-1,-1,-1,-1,-1,-1,-1
3/31/2019,-1,-1,-1,-1,-1,-1,-1,-1,-1,-1,30.059,-1,-1
4/1/2019,-1,-1,-1,-1,-1,-1,-1,-1,-1,-1,51.743,-1,-1
4/2/2019,-1,-1,-1,-1,-1,-1,-1,-1,-1,-1,62.149,-1,-1
4/3/2019,-1,-1,-1,-1,-1,-1,-1,-1,-1,-1,68.765,-1,-1
4/4/2019,-1,-1,-1,-1,-1,-1,-1,-1,-1,-1,99.162,-1,-1
4/5/2019,-1,-1,-1,-1,-1,-1,-1,-1,-1,-1,93.484,-1,-1
4/6/2019,-1,-1,-1,-1,-1,-1,-1,-1,-1,-1,65.2,-1,-1
4/7/2019,-1,-1,-1,-1,-1,-1,-1,-1,-1,-1,28.861,-1,-1
4/8/2019,-1,-1,-1,-1,-1,-1,-1,-1,-1,-1,35.807,-1,-1
4/9/2019,-1,-1,-1,-1,-1,-1,-1,-1,-1,-1,50.943,-1,-1
4/10/2019,-1,-1,-1,-1,-1,-1,-1,-1,-1,-1,39.469,-1,-1
4/11/2019,-1,-1,-1,-1,-1,-1,-1,-1,-1,-1,41.21,-1,-1
4/12/2019,-1,-1,-1,-1,-1,-1,-1,-1,-1,-1,30.808,-1,-1
4/13/2019,-1,-1,-1,-1,-1,-1,-1,-1,-1,-1,34.45,-1,-1
4/14/2019,-1,-1,-1,-1,-1,-1,-1,-1,-1,-1,29.723,-1,-1
4/15/2019,-1,-1,-1,-1,-1,-1,-1,-1,-1,-1,48.213,-1,-1
4/16/2019,-1,-1,-1,-1,-1,-1,-1,-1,-1,-1,18.807,-1,-1
4/17/2019,-1,-1,-1,-1,-1,-1,-1,-1,-1,-1,30.613,-1,-1
4/18/2019,-1,-1,-1,-1,-1,-1,-1,-1,-1,-1,47.57,-1,-1
4/19/2019,-1,-1,-1,-1,-1,-1,-1,-1,-1,-1,67.241,-1,-1
4/20/2019,-1,-1,-1,-1,-1,-1,-1,-1,-1,-1,65.717,-1,-1
4/21/2019,-1,-1,-1,-1,-1,-1,-1,-1,-1,-1,64.377,-1,-1
4/22/2019,-1,-1,-1,-1,-1,-1,-1,-1,-1,-1,59.29,-1,-1
4/23/2019,-1,-1,-1,-1,-1,-1,-1,-1,-1,-1,62.854,-1,-1
4/24/2019,-1,-1,-1,-1,-1,-1,-1,-1,-1,-1,36.759,-1,-1
4/25/2019,-1,-1,-1,-1,-1,-1,-1,-1,-1,-1,41.531,-1,-1
4/26/2019,-1,-1,-1,-1,-1,-1,-1,-1,-1,-1,31.946,-1,-1
4/27/2019,-1,-1,-1,-1,-1,-1,-1,-1,-1,-1,49.935,-1,-1
4/28/2019,-1,-1,-1,-1,-1,-1,-1,-1,-1,-1,64.148,-1,-1
4/29/2019,-1,-1,-1,-1,-1,-1,-1,-1,-1,-1,50.074,-1,-1
4/30/2019,-1,-1,-1,-1,-1,-1,-1,-1,-1,-1,35.23,-1,-1
5/1/2019,-1,-1,-1,-1,-1,-1,-1,-1,-1,-1,39.125,-1,-1
5/2/2019,-1,-1,-1,-1,-1,-1,-1,-1,-1,-1,30.35,-1,-1
5/3/2019,-1,-1,-1,-1,-1,-1,-1,-1,-1,-1,31.898,-1,-1
5/4/2019,-1,-1,-1,-1,-1,-1,-1,-1,-1,-1,39.268,-1,-1
5/5/2019,-1,-1,-1,-1,-1,-1,-1,-1,-1,-1,55.737,-1,-1
5/6/2019,-1,-1,-1,-1,-1,-1,-1,-1,-1,-1,55.288,-1,-1
5/7/2019,-1,-1,-1,-1,-1,-1,-1,-1,-1,-1,55.447,-1,-1
5/8/2019,-1,-1,-1,-1,-1,-1,-1,-1,-1,-1,52.937,-1,-1
5/9/2019,166.4095238,-1,-1,-1,-1,-1,-1,-1,-1,-1,74.763,-1,-1
5/10/2019,95.825,-1,-1,-1,-1,-1,-1,-1,-1,-1,55.086,-1,-1
5/11/2019,150.6416667,-1,-1,-1,-1,-1,-1,-1,-1,-1,47.742,-1,-1
5/12/2019,120.9791667,-1,-1,-1,-1,-1,-1,-1,-1,-1,53.112,-1,-1
5/13/2019,130.7083333,-1,-1,-1,-1,-1,-1,-1,-1,-1,61.361,-1,-1
5/14/2019,60.02083333,-1,-1,-1,-1,-1,-1,-1,-1,-1,27.71,-1,-1
5/15/2019,110.0041667,-1,-1,-1,-1,-1,-1,-1,-1,-1,45.254,-1,-1
5/16/2019,98.75833333,-1,-1,-1,-1,-1,-1,-1,-1,-1,48.435,-1,-1
5/17/2019,109.6958333,-1,-1,-1,-1,-1,-1,-1,-1,-1,53.192,-1,-1
5/18/2019,75.60833333,-1,-1,-1,-1,-1,-1,-1,-1,-1,37.124,-1,-1
5/19/2019,111.4833333,-1,-1,-1,-1,-1,-1,-1,-1,-1,49.345,-1,-1
5/20/2019,87.87083333,-1,-1,-1,-1,-1,-1,-1,-1,-1,32.593,-1,-1
5/21/2019,94.1,-1,-1,-1,-1,-1,-1,-1,-1,-1,37.198,-1,-1
5/22/2019,165.0291667,-1,-1,-1,-1,-1,-1,-1,-1,-1,54.841,-1,-1
5/23/2019,66.19166667,-1,-1,-1,-1,-1,-1,-1,-1,-1,27.613,-1,-1
5/24/2019,70.35,-1,-1,-1,-1,-1,-1,-1,-1,-1,19.938,-1,-1
5/25/2019,60.0875,-1,-1,-1,-1,-1,-1,-1,-1,-1,23.825,-1,-1
5/26/2019,76.25833333,-1,-1,-1,-1,-1,-1,-1,-1,-1,35.57,-1,-1
5/27/2019,94.44583333,-1,-1,-1,-1,-1,-1,-1,-1,-1,33.547,-1,-1
5/28/2019,109.3458333,-1,-1,-1,-1,-1,-1,-1,-1,-1,41.232,-1,-1
5/29/2019,129.9416667,-1,-1,-1,-1,-1,-1,-1,-1,-1,46.67,-1,-1
5/30/2019,212.2956522,-1,-1,-1,-1,-1,-1,-1,-1,-1,58.468,-1,-1
5/31/2019,111.1083333,-1,-1,-1,-1,-1,-1,-1,-1,-1,46.089,-1,-1
6/1/2019,159.3166667,-1,-1,-1,-1,-1,-1,-1,-1,-1,52.131,-1,-1
6/2/2019,93.38333333,-1,-1,-1,-1,-1,-1,-1,-1,-1,40.556,-1,-1
6/3/2019,161.5291667,-1,-1,-1,-1,-1,-1,-1,-1,-1,62.475,-1,-1
6/4/2019,73.625,-1,-1,-1,-1,-1,-1,-1,-1,-1,28.455,-1,-1
6/5/2019,72.07083333,-1,-1,-1,-1,-1,-1,-1,-1,-1,30.879,-1,-1
6/6/2019,54.175,-1,-1,-1,-1,-1,-1,-1,-1,-1,15.431,-1,-1
6/7/2019,69.88333333,-1,-1,-1,-1,-1,-1,-1,-1,-1,21.9,-1,-1
6/8/2019,85.0125,-1,-1,-1,-1,-1,-1,-1,-1,-1,32.146,-1,-1
6/9/2019,81.92083333,-1,-1,-1,-1,-1,-1,-1,-1,-1,32.186,-1,-1
6/10/2019,92.125,-1,-1,-1,-1,-1,-1,-1,-1,-1,39.7,-1,-1
6/11/2019,94.67083333,-1,-1,-1,-1,-1,-1,-1,-1,-1,46.478,-1,-1
6/12/2019,75.40416667,-1,-1,-1,-1,-1,-1,-1,-1,-1,35.049,-1,-1
6/13/2019,55.9,-1,-1,-1,-1,-1,-1,-1,-1,-1,29.874,-1,-1
6/14/2019,71.10833333,-1,-1,-1,-1,-1,-1,-1,-1,-1,29.653,-1,-1
6/15/2019,114.6916667,-1,-1,-1,-1,-1,-1,-1,-1,-1,38.511,-1,-1
6/16/2019,62.39166667,-1,-1,-1,-1,-1,-1,-1,-1,-1,33.934,-1,-1
6/17/2019,68.39583333,-1,-1,-1,-1,-1,-1,-1,-1,-1,20.08,-1,-1
6/18/2019,54.77916667,-1,-1,-1,-1,-1,-1,-1,-1,-1,42.053,-1,-1
6/19/2019,91.15416667,-1,-1,-1,-1,-1,-1,-1,-1,-1,63.184,-1,-1
6/20/2019,74.12916667,-1,-1,-1,-1,-1,-1,-1,-1,-1,42.532,-1,-1
6/21/2019,117.8,-1,-1,-1,-1,-1,-1,-1,-1,-1,48.254,-1,-1
6/22/2019,75.42916667,-1,-1,-1,-1,-1,-1,-1,-1,-1,-1,-1,-1
6/23/2019,78.8375,-1,-1,-1,-1,-1,-1,-1,-1,-1,-1,-1,-1
6/24/2019,87.02916667,-1,-1,-1,-1,-1,-1,-1,-1,-1,-1,-1,-1
6/25/2019,121.25,-1,-1,-1,-1,-1,-1,-1,-1,-1,-1,-1,-1
6/26/2019,90.17916667,-1,-1,-1,-1,-1,-1,-1,-1,-1,-1,-1,-1
6/27/2019,-1,-1,-1,-1,-1,-1,-1,-1,-1,-1,-1,-1,-1
6/28/2019,128.9833333,-1,-1,-1,-1,-1,-1,-1,-1,-1,-1,-1,-1
6/29/2019,73.5375,-1,-1,-1,-1,-1,-1,-1,-1,-1,-1,-1,-1
6/30/2019,70.36666667,-1,-1,-1,-1,-1,-1,-1,-1,-1,-1,-1,-1
7/1/2019,64.43333333,-1,-1,-1,-1,-1,-1,-1,-1,-1,34.938,-1,-1
7/2/2019,70.65833333,-1,-1,-1,-1,-1,-1,-1,-1,-1,-1,-1,-1
7/3/2019,70.42083333,-1,-1,-1,-1,-1,-1,-1,-1,-1,37.645,-1,-1
7/4/2019,75.8375,-1,-1,-1,-1,-1,-1,-1,-1,-1,36.653,-1,-1
7/5/2019,47.70833333,-1,-1,-1,-1,-1,-1,-1,-1,-1,20.378,-1,-1
7/6/2019,59.79130435,-1,-1,-1,-1,-1,-1,-1,-1,-1,33.19,-1,-1
7/7/2019,68.45416667,-1,-1,-1,-1,-1,-1,-1,-1,-1,36.837,-1,-1
7/8/2019,65.57916667,-1,-1,-1,-1,-1,-1,-1,-1,-1,40.458,-1,-1
7/9/2019,48.89166667,-1,-1,-1,-1,-1,-1,-1,-1,-1,29.511,-1,-1
7/10/2019,65.63333333,-1,-1,-1,-1,-1,-1,-1,-1,-1,45.075,-1,-1
7/11/2019,60.20833333,-1,-1,-1,-1,-1,-1,-1,-1,-1,-1,-1,-1
7/12/2019,100.8875,-1,-1,-1,-1,-1,-1,-1,-1,-1,90.801,-1,-1
7/13/2019,70.19166667,-1,-1,-1,-1,-1,-1,-1,-1,-1,45.733,-1,-1
7/14/2019,30.15,-1,-1,-1,-1,-1,-1,-1,-1,-1,18.692,-1,-1
7/15/2019,61.07083333,-1,-1,-1,-1,-1,-1,-1,-1,-1,-1,-1,-1
7/16/2019,46.2375,-1,-1,-1,-1,-1,-1,-1,-1,-1,-1,-1,-1
7/17/2019,37.30833333,-1,-1,-1,-1,-1,-1,-1,-1,-1,-1,-1,-1
7/18/2019,43.65,-1,-1,-1,-1,-1,-1,-1,-1,-1,-1,-1,-1
7/19/2019,53.55,-1,-1,-1,-1,-1,-1,-1,-1,-1,-1,-1,-1
7/20/2019,59.5375,-1,-1,-1,-1,-1,-1,-1,-1,-1,-1,-1,-1
7/21/2019,51.825,-1,-1,-1,-1,-1,-1,-1,-1,-1,29.577,96.333,-1
7/22/2019,68.45,-1,-1,-1,-1,-1,-1,-1,-1,-1,-1,-1,-1
7/23/2019,82.67083333,-1,-1,-1,-1,-1,-1,-1,-1,-1,-1,-1,-1
7/24/2019,68.29166667,-1,-1,-1,-1,-1,-1,-1,-1,-1,30.645,114.615,-1
7/25/2019,37.84166667,-1,-1,-1,-1,-1,-1,-1,-1,-1,13.795,-1,-1
7/26/2019,36.32083333,-1,-1,-1,-1,-1,-1,-1,-1,-1,-1,-1,-1
7/27/2019,38.125,-1,-1,-1,-1,-1,-1,-1,-1,-1,-1,-1,-1
7/28/2019,52.55,-1,-1,-1,-1,-1,-1,-1,-1,-1,-1,-1,-1
7/29/2019,67.63913043,-1,-1,-1,-1,-1,-1,-1,-1,-1,-1,-1,-1
7/30/2019,49.00416667,-1,-1,-1,-1,-1,-1,-1,-1,-1,-1,-1,-1
7/31/2019,38.625,-1,-1,-1,-1,-1,-1,-1,-1,-1,-1,-1,-1
8/1/2019,43.7,-1,-1,-1,-1,-1,-1,-1,-1,-1,-1,-1,-1
8/2/2019,27.51666667,-1,-1,-1,-1,-1,-1,-1,-1,-1,12.225,34.246,-1
8/3/2019,35.44583333,-1,-1,-1,-1,-1,-1,-1,-1,-1,23.61,57.007,-1
8/4/2019,40.6625,-1,-1,-1,-1,-1,-1,-1,-1,-1,20.852,54.368,-1
8/5/2019,37.61666667,-1,-1,-1,-1,-1,-1,-1,-1,-1,-1,-1,-1
8/6/2019,58.31666667,-1,-1,-1,-1,-1,-1,-1,-1,-1,-1,-1,-1
8/7/2019,42.9173913,-1,-1,-1,-1,-1,-1,-1,-1,-1,-1,-1,-1
8/8/2019,84.64166667,-1,-1,-1,-1,-1,-1,-1,-1,-1,-1,-1,-1
8/9/2019,91.0375,-1,-1,-1,-1,-1,-1,-1,-1,-1,48.398,-1,-1
8/10/2019,70.34166667,-1,-1,-1,-1,-1,-1,-1,-1,-1,23.024,-1,-1
8/11/2019,37.07916667,-1,-1,-1,-1,-1,-1,-1,-1,-1,19.016,-1,-1
8/12/2019,40.175,-1,-1,-1,-1,-1,-1,-1,-1,-1,19.9388,-1,-1
8/13/2019,36.74166667,-1,-1,-1,-1,-1,-1,-1,-1,-1,17.205,-1,-1
8/14/2019,44.84583333,-1,-1,-1,-1,-1,-1,-1,-1,-1,21.117,-1,-1
8/15/2019,45.54166667,-1,-1,-1,-1,-1,-1,-1,-1,-1,16.81,-1,-1
8/16/2019,33.98333333,-1,-1,-1,-1,-1,-1,-1,-1,-1,15.228,-1,-1
8/17/2019,29.1125,-1,-1,-1,-1,-1,-1,-1,-1,-1,14.992,-1,-1
8/18/2019,48.60833333,-1,-1,-1,-1,-1,-1,-1,-1,-1,15.295,-1,-1
8/19/2019,39.16666667,-1,-1,-1,-1,-1,-1,-1,-1,-1,11.554,-1,-1
8/20/2019,53.3125,-1,-1,-1,-1,-1,-1,-1,-1,-1,22.751,-1,-1
8/21/2019,59.58333333,-1,-1,-1,-1,-1,-1,-1,-1,-1,32.03,-1,-1
8/22/2019,47.59166667,-1,-1,-1,-1,-1,-1,-1,-1,-1,24.036,-1,-1
8/23/2019,51.59583333,-1,-1,-1,-1,-1,-1,-1,-1,-1,23.563,42.867,-1
8/24/2019,72.8125,-1,-1,-1,-1,-1,-1,-1,-1,-1,31.33,88.014,-1
8/25/2019,55.50833333,-1,-1,-1,-1,-1,-1,-1,-1,-1,26.828,69.733,-1
8/26/2019,41.6125,-1,-1,-1,-1,-1,-1,-1,-1,-1,-1,-1,-1
8/27/2019,80.32083333,-1,-1,-1,-1,-1,-1,-1,-1,-1,34.759,129.886,-1
8/28/2019,132.9391304,-1,-1,-1,-1,-1,-1,-1,-1,-1,-1,-1,-1
8/29/2019,74.34583333,-1,-1,-1,-1,-1,-1,-1,-1,-1,29.232,83.859,-1
8/30/2019,55.60416667,-1,-1,-1,-1,-1,-1,-1,-1,-1,22.379,72.506,-1
8/31/2019,94.54166667,-1,-1,-1,-1,-1,-1,-1,-1,-1,34.124,109.635,-1
9/1/2019,74.01666667,-1,-1,-1,-1,-1,-1,-1,-1,-1,37.824,96.947,-1
9/2/2019,86.17083333,-1,-1,-1,-1,-1,-1,-1,-1,-1,26.851,64.312,-1
9/3/2019,86.75416667,-1,-1,-1,-1,-1,-1,-1,-1,-1,36.627,104.961,-1
9/4/2019,87.59583333,-1,-1,-1,-1,-1,-1,-1,-1,-1,35.56,108.251,-1
9/5/2019,36.30833333,-1,-1,-1,-1,-1,-1,-1,-1,-1,14.69,44.706,-1
9/6/2019,60.85,-1,-1,-1,-1,-1,-1,-1,-1,-1,25.284,79.672,-1
9/7/2019,53.4125,-1,-1,-1,-1,-1,-1,-1,-1,-1,22.889,81.349,-1
9/8/2019,81.75833333,-1,-1,-1,-1,-1,-1,-1,-1,-1,22.933,69.371,-1
9/9/2019,84.14166667,-1,-1,-1,-1,-1,-1,-1,-1,-1,29.64,95.358,-1
9/10/2019,60.32083333,-1,-1,-1,-1,-1,-1,-1,-1,-1,23.595,76.628,-1
9/11/2019,65.89166667,-1,-1,-1,-1,-1,-1,-1,-1,-1,32.394,87.255,-1
9/12/2019,77.40416667,-1,-1,-1,-1,-1,-1,-1,-1,-1,-1,80.854,-1
9/13/2019,-1,-1,-1,-1,-1,-1,-1,-1,-1,-1,-1,69.5,-1
9/14/2019,71.75416667,-1,-1,-1,-1,-1,-1,-1,-1,-1,-1,75.161,-1
9/15/2019,72.70833333,-1,-1,-1,-1,-1,-1,-1,-1,-1,-1,98.408,-1
9/16/2019,63.57916667,-1,-1,-1,-1,-1,-1,-1,-1,-1,-1,78.208,-1
9/17/2019,54.79166667,-1,-1,-1,-1,-1,-1,-1,-1,-1,-1,77.029,-1
9/18/2019,72.03333333,-1,-1,-1,-1,-1,-1,-1,-1,-1,-1,75.878,-1
9/19/2019,50.07916667,-1,-1,-1,-1,-1,-1,-1,-1,-1,-1,73.292,-1
9/20/2019,50.375,-1,-1,-1,-1,-1,-1,-1,-1,-1,35.042,69.213,-1
9/21/2019,108.225,-1,-1,-1,-1,-1,-1,-1,-1,-1,-1,76.952,-1
9/22/2019,69.75416667,-1,-1,-1,-1,-1,-1,-1,-1,-1,-1,100.838,-1
9/23/2019,48.85833333,-1,-1,-1,-1,-1,-1,-1,-1,-1,-1,62.935,-1
9/24/2019,52.34583333,-1,-1,-1,-1,-1,-1,-1,-1,-1,-1,61.885,-1
9/25/2019,67.14583333,-1,-1,-1,-1,-1,-1,-1,-1,-1,24.9,65,-1
9/26/2019,75.95833333,-1,-1,-1,-1,-1,-1,-1,-1,-1,27.7,112.318,-1
9/27/2019,78.825,-1,-1,-1,-1,-1,-1,-1,-1,-1,30.699,98.713,-1
9/28/2019,42.88333333,-1,-1,-1,-1,-1,-1,-1,-1,-1,17.723,68.805,-1
9/29/2019,31.82916667,-1,-1,-1,-1,-1,-1,-1,-1,-1,20.553,37.284,-1
9/30/2019,111.0625,-1,-1,-1,-1,-1,-1,-1,-1,-1,34.189,76.295,-1
10/1/2019,70.66666667,-1,-1,-1,-1,-1,-1,-1,-1,-1,34.775,73.714,-1
10/2/2019,101.65,-1,-1,-1,-1,-1,-1,-1,-1,-1,32.396,75.1,-1
10/3/2019,103.3458333,-1,-1,-1,-1,-1,-1,-1,-1,-1,27.916,87.005,-1
10/4/2019,109.8043478,-1,-1,-1,-1,-1,-1,-1,-1,-1,45.372,85.441,-1
10/5/2019,127.8375,-1,-1,-1,-1,-1,-1,-1,-1,-1,60.996,82.924,-1
10/6/2019,98.80833333,-1,-1,-1,-1,-1,-1,-1,-1,-1,44.537,107.997,-1
10/7/2019,59.74166667,-1,-1,-1,-1,-1,-1,-1,-1,-1,30.306,101.132,-1
10/8/2019,74.61666667,-1,-1,-1,-1,-1,-1,-1,-1,-1,35.687,115.061,-1
10/9/2019,121,-1,-1,-1,-1,-1,-1,-1,-1,-1,48.635,118.045,-1
10/10/2019,115.7916667,-1,-1,-1,-1,-1,-1,-1,-1,-1,43.886,107.957,-1
10/11/2019,116.6166667,-1,-1,-1,-1,-1,-1,-1,-1,-1,35.319,176.284,-1
10/12/2019,138.5090909,-1,-1,-1,-1,-1,-1,-1,-1,-1,50.936,174.386,-1
10/13/2019,136.4958333,-1,-1,-1,-1,-1,-1,-1,-1,-1,40.509,192.335,-1
10/14/2019,139.9458333,-1,-1,-1,-1,-1,-1,-1,-1,-1,35.208,235.54,-1
10/15/2019,121.4458333,-1,-1,-1,-1,-1,-1,-1,-1,-1,-1,193.272,-1
10/16/2019,165.1043478,-1,-1,-1,-1,-1,-1,-1,-1,-1,40.021,223.837,-1
10/17/2019,195.0625,-1,-1,-1,-1,-1,-1,-1,-1,-1,51.024,223.012,-1
10/18/2019,78.44583333,-1,-1,-1,-1,-1,-1,-1,-1,-1,20.519,38.014,-1
10/19/2019,88.7,-1,-1,-1,-1,-1,-1,-1,-1,-1,25.612,89.836,-1
10/20/2019,96.6375,-1,-1,-1,-1,-1,-1,-1,-1,-1,32.254,199.785,-1
10/21/2019,122.3833333,-1,-1,-1,-1,-1,-1,-1,-1,-1,39.04,143.805,-1
10/22/2019,128.0916667,-1,-1,-1,-1,-1,-1,-1,-1,-1,48.091,213.613,-1
10/23/2019,153.6291667,-1,-1,-1,-1,-1,-1,-1,-1,-1,41.97,170.767,-1
10/24/2019,200.7782609,-1,-1,-1,-1,-1,-1,-1,-1,-1,33.06,156.227,-1
10/25/2019,214.9625,-1,-1,-1,-1,-1,-1,-1,-1,-1,33.01,156.012,-1
10/26/2019,247.0043478,-1,-1,-1,-1,-1,-1,-1,-1,-1,98.015,162.015,-1
10/27/2019,215.0708333,-1,-1,-1,-1,-1,-1,-1,-1,-1,71.494,226.517,-1
10/28/2019,248.2708333,-1,-1,-1,-1,-1,-1,-1,-1,-1,94.012,180.215,-1
10/29/2019,267.5166667,-1,-1,-1,-1,-1,-1,-1,-1,-1,93.121,180.785,-1
10/30/2019,335.2083333,-1,-1,-1,-1,-1,-1,-1,-1,-1,115.451,237.469,-1
10/31/2019,293.3916667,-1,-1,-1,-1,-1,-1,-1,-1,-1,124.48,275.16,82.436
11/1/2019,361.8375,-1,-1,-1,-1,-1,-1,-1,-1,-1,130.353,289.144,112.285
11/2/2019,243.3291667,-1,-1,-1,-1,-1,-1,-1,-1,-1,110.317,46.732,89.755
11/3/2019,195.5458333,-1,-1,-1,-1,-1,-1,-1,-1,-1,74.958,240.926,66.283
11/4/2019,191.7541667,-1,-1,-1,-1,-1,-1,-1,-1,-1,76.313,203.017,57.051
11/5/2019,143.2375,-1,-1,-1,-1,-1,-1,-1,-1,-1,73.631,193.357,48.753
11/6/2019,256.3291667,-1,-1,-1,-1,-1,-1,-1,-1,-1,105.447,105.447,71.175
11/7/2019,56.23333333,-1,-1,-1,-1,-1,-1,-1,-1,-1,30.764,65.463,31.603
11/8/2019,91.37083333,-1,-1,-1,-1,-1,-1,-1,-1,-1,26.025,86.452,48.349
11/9/2019,136.7458333,-1,-1,-1,-1,-1,-1,-1,-1,-1,40.837,167.64,72.566
11/10/2019,114.2916667,-1,-1,-1,-1,-1,-1,-1,-1,-1,32.681,166.081,78.118
11/11/2019,146.85,-1,-1,-1,-1,-1,-1,-1,-1,-1,81.566,182.977,89.442
11/12/2019,222.35,-1,-1,-1,-1,-1,-1,-1,-1,-1,142.266,288.528,119.764
11/13/2019,330.6625,-1,-1,-1,-1,-1,-1,-1,-1,-1,187.498,382.84,134.658
11/14/2019,334.0916667,-1,-1,-1,-1,-1,-1,-1,-1,-1,89.401,311.682,138.421
11/15/2019,238.2333333,-1,-1,-1,-1,-1,-1,-1,-1,-1,83.755,284.312,94.447
11/16/2019,202.1416667,-1,-1,-1,-1,-1,-1,-1,-1,-1,72.752,190.17,68.368
11/17/2019,116.2958333,-1,-1,-1,-1,-1,-1,-1,-1,-1,46.789,135.442,48.658
11/18/2019,154.1416667,-1,-1,-1,-1,-1,-1,-1,-1,-1,71.036,194.524,69.342
11/19/2019,252.3333333,-1,-1,-1,-1,-1,-1,-1,-1,-1,107.536,295.458,112.388
11/20/2019,262.4166667,-1,-1,-1,-1,-1,-1,-1,-1,-1,118.774,347.899,130.023
11/21/2019,460.1333333,-1,-1,-1,-1,-1,-1,-1,-1,-1,177.352,362.646,173.781
11/22/2019,276.8041667,-1,-1,-1,-1,-1,-1,-1,-1,-1,116.566,287.654,105.935
11/23/2019,113.475,-1,-1,-1,-1,-1,-1,-1,-1,-1,68.827,150.45,51.517
11/24/2019,124.1083333,-1,-1,-1,-1,-1,-1,-1,-1,-1,75.358,193.252,51.907
11/25/2019,176.575,-1,-1,-1,-1,-1,-1,-1,-1,-1,95.781,236.62,75.257
11/26/2019,302.8625,-1,-1,-1,-1,-1,-1,-1,-1,-1,123.91,195.194,110.027
11/27/2019,115.0826087,-1,-1,-1,-1,-1,-1,-1,-1,-1,61.524,102.927,50.633
11/28/2019,176.8166667,-1,-1,-1,-1,-1,-1,-1,-1,-1,85.943,91.353,54.352
11/29/2019,160.0791667,-1,-1,-1,-1,-1,-1,-1,-1,-1,74.378,182.581,54.101
11/30/2019,138.5958333,-1,-1,-1,-1,-1,-1,-1,-1,-1,87.78,176.515,65.239
12/1/2019,193.6583333,-1,-1,-1,-1,-1,-1,-1,-1,-1,-1,-1,-1
12/2/2019,216.2458333,-1,-1,-1,-1,-1,-1,-1,-1,-1,114.051,219.075,102.205
12/3/2019,222.7217391,-1,-1,-1,-1,-1,-1,-1,-1,-1,123.547,275.954,122.154
12/4/2019,279.1208333,-1,-1,-1,-1,-1,-1,-1,-1,-1,135.861,256.56,150.137
12/5/2019,287.3125,-1,-1,-1,-1,-1,-1,-1,-1,-1,144.096,247.686,143.997
12/6/2019,337.7173913,-1,-1,-1,-1,-1,-1,-1,-1,-1,-1,-1,-1
12/7/2019,279.6375,-1,-1,-1,-1,-1,-1,-1,-1,-1,132.396,257.03,97.872
12/8/2019,339.1333333,-1,-1,-1,-1,-1,-1,-1,-1,-1,159.873,346.68,27.31
12/9/2019,290.1041667,-1,-1,-1,-1,-1,-1,-1,-1,-1,164.2,354.041,18.095
12/10/2019,471.1708333,-1,-1,-1,-1,-1,-1,-1,-1,-1,187.775,448.155,20.538
12/11/2019,340.2208333,-1,-1,-1,-1,-1,-1,-1,-1,-1,159.142,308.674,18.686
12/12/2019,233.975,-1,-1,-1,-1,-1,-1,-1,-1,-1,99.009,201.864,7.494
12/13/2019,100.0041667,-1,-1,-1,-1,-1,-1,-1,-1,-1,51.654,90.976,3.088
12/14/2019,183.4916667,-1,-1,-1,-1,-1,-1,-1,-1,-1,79.219,149.247,-1
12/15/2019,129.6583333,-1,-1,-1,-1,-1,-1,-1,-1,-1,74.883,208.015,-1
12/16/2019,126.275,-1,-1,-1,-1,-1,-1,-1,-1,-1,71.849,230.256,-1
12/17/2019,209.0375,-1,-1,-1,-1,-1,-1,-1,-1,-1,114.283,137.656,-1
12/18/2019,245.5458333,-1,-1,-1,-1,-1,-1,-1,-1,-1,119.072,259.124,-1
12/19/2019,183.8375,-1,-1,-1,-1,-1,-1,-1,-1,-1,101.603,200.475,-1
12/20/2019,388.3291667,-1,-1,-1,-1,-1,-1,-1,-1,-1,157.597,355.207,-1
12/21/2019,258.7416667,-1,-1,-1,-1,-1,-1,-1,-1,-1,108.857,215.111,-1
12/22/2019,225.1375,-1,-1,-1,-1,-1,-1,-1,-1,-1,105.686,215.332,-1
12/23/2019,267.2416667,-1,-1,-1,-1,-1,-1,-1,-1,-1,124.963,220.276,-1
12/24/2019,230.4333333,-1,-1,-1,-1,-1,-1,-1,-1,-1,-1,-1,-1
12/25/2019,232.4125,-1,-1,-1,-1,-1,-1,-1,-1,-1,-1,-1,-1
12/26/2019,246.2875,-1,-1,-1,-1,-1,-1,-1,-1,-1,95.899,205.817,-1
12/27/2019,266.0125,-1,-1,-1,-1,-1,-1,-1,-1,-1,100.263,180.668,-1
12/28/2019,283.6791667,-1,-1,-1,-1,-1,-1,-1,-1,-1,96.935,218.797,-1
12/29/2019,262.9416667,-1,-1,-1,-1,-1,-1,-1,-1,-1,-1,-1,-1
12/30/2019,216.8708333,-1,-1,-1,-1,-1,-1,-1,-1,-1,-1,-1,-1
12/31/2019,205.125,-1,-1,-1,-1,-1,-1,-1,-1,-1,-1,-1,-1
1/1/2020,313.4125,-1,-1,-1,-1,-1,-1,-1,-1,-1,-1,192.721,-1
1/2/2020,340.3666667,-1,-1,-1,-1,-1,-1,-1,-1,-1,-1,305.211,-1
1/3/2020,262.4541667,-1,-1,-1,-1,-1,-1,-1,-1,-1,72.635,269.783,-1
1/4/2020,331.8916667,-1,-1,-1,-1,-1,-1,-1,-1,-1,56.156,260.192,-1
1/5/2020,191.6791667,-1,-1,-1,-1,-1,-1,-1,-1,-1,72.451,153.16,-1
1/6/2020,126.3625,-1,-1,-1,-1,-1,-1,-1,-1,-1,47.011,153.54,-1
1/7/2020,183.7217391,-1,-1,-1,-1,-1,-1,-1,-1,-1,32.145,104.415,-1
1/8/2020,135.4708333,-1,-1,-1,-1,-1,-1,-1,-1,-1,49.056,152.313,-1
1/9/2020,137.2625,-1,-1,-1,-1,-1,-1,-1,-1,-1,103.45,171.892,-1
1/10/2020,155.3958333,-1,-1,-1,-1,-1,-1,-1,-1,-1,30.154,72.754,-1
1/11/2020,172.4625,-1,-1,-1,-1,-1,-1,-1,-1,-1,29.54,72.541,-1
1/12/2020,142.8333333,-1,-1,-1,-1,-1,-1,-1,-1,-1,33.452,55.987,-1
1/13/2020,86.25833333,-1,-1,-1,-1,-1,-1,-1,-1,-1,55.987,141.954,-1
1/14/2020,112.4791667,-1,-1,-1,-1,-1,-1,-1,-1,-1,-1,-1,-1
1/15/2020,143.4166667,-1,-1,-1,-1,-1,-1,-1,-1,-1,-1,-1,-1
1/16/2020,198.1666667,-1,-1,-1,-1,-1,-1,-1,-1,-1,-1,-1,-1
1/17/2020,287.6541667,-1,-1,-1,-1,-1,-1,-1,-1,-1,-1,-1,-1
1/18/2020,289.7291667,-1,-1,-1,-1,-1,-1,-1,-1,-1,111.566,245.478,-1
1/19/2020,285.6666667,-1,-1,-1,-1,-1,-1,-1,-1,-1,109.75,379.637,-1
1/20/2020,165.2708333,-1,-1,-1,-1,-1,-1,-1,-1,-1,73.257,94,-1
1/21/2020,102.9625,-1,-1,-1,-1,-1,-1,-1,-1,-1,50.756,94.242,-1
1/22/2020,97.9875,-1,-1,-1,-1,-1,-1,-1,-1,-1,45.957,131.12,-1
1/23/2020,122.0083333,-1,-1,-1,-1,-1,-1,-1,-1,-1,52.123,173.099,-1
1/24/2020,138.5583333,-1,-1,-1,-1,-1,-1,-1,-1,-1,64.978,45.174,-1
1/25/2020,180.375,-1,-1,-1,-1,-1,-1,-1,-1,-1,84.078,45.257,-1
1/26/2020,237.2458333,-1,-1,-1,-1,-1,-1,-1,-1,-1,-1,-1,-1
1/27/2020,256.0772727,-1,-1,-1,-1,-1,-1,-1,-1,-1,108.124,98.001,-1
1/28/2020,144.3166667,-1,-1,-1,-1,-1,-1,-1,-1,-1,57.37,97.55,-1
1/29/2020,107.0916667,-1,-1,-1,-1,-1,-1,-1,-1,-1,50.923,160.21,-1
1/30/2020,163.875,-1,-1,-1,-1,-1,-1,-1,-1,-1,64.788,167.01,-1
1/31/2020,64.65652174,-1,-1,-1,-1,-1,-1,-1,-1,-1,65.288,89,-1
2/1/2020,8.220833333,-1,-1,-1,-1,-1,-1,-1,-1,-1,77.961,102,-1
2/2/2020,8.016666667,-1,-1,-1,-1,-1,-1,-1,-1,-1,89.976,100.21,-1
2/3/2020,7.9,-1,-1,-1,-1,-1,-1,-1,-1,-1,83.089,144.01,-1
2/4/2020,9.170833333,-1,-1,-1,-1,-1,-1,-1,-1,-1,94.609,55,-1
2/5/2020,8.029166667,-1,-1,-1,-1,-1,-1,-1,-1,-1,60.847,145.01,-1
2/6/2020,7.926086957,-1,-1,-1,-1,-1,-1,-1,-1,-1,65.664,244.01,-1
2/7/2020,7.925,-1,-1,-1,-1,-1,-1,-1,-1,-1,108.547,240.92,-1
2/8/2020,8.070833333,-1,-1,-1,-1,-1,-1,-1,-1,-1,91.302,155.031,-1
2/9/2020,7.4625,-1,-1,-1,-1,-1,-1,-1,-1,-1,101.066,222.011,-1
2/10/2020,8.225,-1,-1,-1,-1,-1,-1,-1,-1,-1,-1,-1,-1
2/11/2020,73.63478261,-1,-1,-1,-1,-1,-1,-1,-1,-1,51.833,56.02,-1
2/12/2020,112.2791667,-1,-1,-1,-1,-1,-1,-1,-1,-1,52.098,151.019,-1
2/13/2020,110.0833333,-1,-1,-1,-1,-1,-1,-1,-1,-1,50.12,60.487,-1
2/14/2020,69.4875,-1,-1,-1,-1,-1,-1,-1,-1,-1,46.014,89.12,-1
2/15/2020,82.45833333,-1,-1,-1,-1,-1,-1,-1,-1,-1,38.805,56.41,-1
2/16/2020,112.5208333,-1,-1,-1,-1,-1,-1,-1,-1,-1,36.119,47.224,-1
2/17/2020,139.6708333,-1,-1,-1,-1,-1,-1,-1,-1,-1,39.529,221.01,-1
2/18/2020,136.4875,-1,-1,-1,-1,-1,-1,-1,-1,-1,70.79,80,-1
2/19/2020,114.325,-1,-1,-1,-1,-1,-1,-1,-1,-1,60.6,218.6,-1
2/20/2020,98.35833333,-1,-1,-1,-1,-1,-1,-1,-1,-1,48.736,79.001,-1
2/21/2020,47.54166667,-1,-1,-1,-1,-1,-1,-1,-1,-1,24.699,46.01,-1
2/22/2020,142.6583333,-1,-1,-1,-1,-1,-1,-1,-1,-1,59.145,45.001,-1
2/23/2020,127.3833333,-1,-1,-1,-1,-1,-1,-1,-1,-1,60.749,46.114,-1
2/24/2020,160.1375,-1,-1,-1,-1,-1,-1,-1,-1,-1,71.637,205.001,-1
2/25/2020,145.3333333,-1,-1,-1,-1,-1,-1,-1,-1,-1,67.866,169.01,-1
2/26/2020,160.825,-1,-1,-1,-1,-1,-1,-1,-1,-1,73.526,169.01,-1
2/27/2020,134.1583333,-1,-1,-1,-1,-1,-1,-1,-1,-1,67.065,137,-1
2/28/2020,144.5083333,-1,-1,-1,-1,-1,-1,-1,-1,-1,67.957,138.002,-1
2/29/2020,50.66666667,-1,-1,-1,-1,-1,-1,-1,-1,-1,25.466,109.241,-1
3/1/2020,102.7416667,-1,-1,-1,-1,-1,-1,-1,-1,-1,37.24,108.51,-1
3/2/2020,95.23333333,-1,-1,-1,-1,-1,-1,-1,-1,-1,56.933,109,-1
3/3/2020,162.1791667,-1,-1,-1,-1,-1,-1,-1,-1,-1,43.861,122.01,-1
3/4/2020,170.7391304,-1,-1,-1,-1,-1,-1,-1,-1,-1,47.865,56.01,-1
3/5/2020,43.075,-1,-1,-1,-1,-1,-1,-1,-1,-1,22.854,29.001,-1
3/6/2020,31.22916667,-1,-1,-1,-1,-1,-1,-1,-1,-1,16.248,29.015,-1
3/7/2020,22.94583333,-1,-1,-1,-1,-1,-1,-1,-1,-1,18.434,37.224,-1
3/8/2020,48.72916667,-1,-1,-1,-1,-1,-1,-1,-1,-1,29.325,39.628,-1
3/9/2020,37,-1,-1,-1,-1,-1,-1,-1,-1,-1,26.788,39.621,-1
3/10/2020,112.9291667,-1,-1,-1,-1,-1,-1,-1,-1,-1,50.068,35.514,-1
3/11/2020,60.8625,-1,-1,-1,-1,-1,-1,-1,-1,-1,35.194,15.001,-1
3/12/2020,20.99565217,-1,-1,-1,-1,-1,-1,-1,-1,-1,15.672,17.014,-1
3/13/2020,32.07083333,-1,-1,-1,-1,-1,-1,-1,-1,-1,17.837,17.837,-1
3/14/2020,82.60909091,-1,-1,-1,-1,-1,-1,-1,-1,-1,35.931,29.099,-1
3/15/2020,61.86111111,-1,-1,-1,-1,-1,-1,-1,-1,-1,56.34,56.34,-1
3/16/2020,100.6833333,-1,-1,-1,-1,-1,-1,-1,-1,-1,147.001,64.989,-1
3/17/2020,94.7125,-1,-1,-1,-1,-1,-1,-1,-1,-1,52.076,84.451,-1
3/18/2020,98.9875,-1,-1,-1,-1,-1,-1,-1,-1,-1,54.822,79.147,-1
3/19/2020,120.1,-1,-1,-1,-1,-1,-1,-1,-1,-1,60.216,87.295,-1
3/20/2020,183.475,-1,-1,-1,-1,-1,-1,-1,-1,-1,57.525,81.54,-1
3/21/2020,81.86666667,-1,-1,-1,-1,-1,-1,-1,-1,-1,33.828,35.098,-1
3/22/2020,161.1833333,-1,-1,-1,-1,-1,-1,-1,-1,-1,50.034,40.179,-1
3/23/2020,56.44166667,-1,-1,-1,-1,-1,-1,-1,-1,-1,-1,-1,-1
3/24/2020,57.4,-1,-1,-1,-1,-1,-1,-1,-1,-1,-1,-1,-1
3/25/2020,30.0375,-1,-1,-1,-1,-1,-1,-1,-1,-1,18.883,18.883,-1
3/26/2020,33.42083333,-1,-1,-1,-1,-1,-1,-1,-1,-1,20.16,16.001,-1
3/27/2020,14.68333333,-1,-1,-1,-1,-1,-1,-1,-1,-1,14.744,12,-1
3/28/2020,18.91666667,-1,-1,-1,-1,-1,-1,-1,-1,-1,18.354,23.001,-1
3/29/2020,38.10416667,-1,-1,-1,-1,-1,-1,-1,-1,-1,25.463,29.547,-1
3/30/2020,36.3375,-1,-1,-1,-1,-1,-1,-1,-1,-1,30.134,22,-1
3/31/2020,34.89583333,-1,-1,-1,-1,-1,-1,-1,-1,-1,24.285,7,-1
4/1/2020,22.84166667,-1,-1,-1,-1,-1,-1,-1,-1,-1,17.193,38,-1
4/2/2020,16.25833333,-1,-1,-1,-1,-1,-1,-1,-1,-1,15.086,11,-1
4/3/2020,34.175,-1,-1,-1,-1,-1,-1,-1,-1,-1,20.179,23.981,-1
4/4/2020,43.8625,-1,-1,-1,-1,-1,-1,-1,-1,-1,23.34,29,-1
4/5/2020,57.25833333,-1,-1,-1,-1,-1,-1,-1,-1,-1,29.9,17,-1
4/6/2020,16.3875,-1,-1,-1,-1,-1,-1,-1,-1,-1,7.09,12,-1
4/7/2020,20.525,-1,-1,-1,-1,-1,-1,-1,-1,-1,7.64,-1,-1
4/8/2020,21.69166667,-1,-1,-1,-1,-1,-1,-1,-1,-1,-1,-1,-1
4/9/2020,51.44444444,-1,-1,-1,-1,-1,-1,-1,-1,-1,-1,-1,-1
4/10/2020,33.55416667,-1,-1,-1,-1,-1,-1,-1,-1,-1,-1,-1,-1
4/11/2020,29.65416667,-1,-1,-1,-1,-1,-1,-1,-1,-1,-1,-1,-1
4/12/2020,41.99583333,-1,-1,-1,-1,-1,-1,-1,-1,-1,-1,-1,-1
4/13/2020,70.10416667,-1,-1,-1,-1,-1,-1,-1,-1,-1,-1,-1,-1
4/14/2020,54.34166667,-1,-1,-1,-1,-1,-1,-1,-1,-1,-1,-1,-1
4/15/2020,58.125,-1,-1,-1,-1,-1,-1,-1,-1,-1,3.434,-1,-1
4/16/2020,38.6375,-1,-1,-1,-1,-1,-1,-1,-1,-1,8.064,-1,-1
4/17/2020,37.64166667,-1,-1,-1,-1,-1,-1,-1,-1,-1,15.906,-1,-1
4/18/2020,15.70833333,-1,-1,-1,-1,-1,-1,-1,-1,-1,9.375,-1,-1
4/19/2020,25.5625,-1,-1,-1,-1,-1,-1,-1,-1,-1,10.264,-1,-1
4/20/2020,34.6,-1,-1,-1,-1,-1,-1,-1,-1,-1,3.725,-1,-1
4/21/2020,27.61304348,-1,-1,-1,-1,-1,-1,-1,-1,-1,9.628,17,-1
4/22/2020,92.80833333,-1,-1,-1,-1,-1,-1,-1,-1,-1,3.585,11,-1
4/23/2020,56.95833333,-1,-1,-1,-1,-1,-1,-1,-1,-1,2.228,-1,-1
4/24/2020,71.33333333,-1,-1,-1,-1,-1,-1,-1,-1,-1,3.31,-1,-1
4/25/2020,45.75,-1,-1,-1,-1,-1,-1,-1,-1,-1,2.363,20,-1
4/26/2020,57.04166667,-1,-1,-1,-1,-1,-1,-1,-1,-1,-1,-1,-1
4/27/2020,19.08333333,-1,-1,-1,-1,-1,-1,-1,-1,-1,-1,-1,-1
4/28/2020,32.29166667,-1,-1,-1,-1,-1,-1,-1,-1,-1,-1,-1,-1
4/29/2020,49.41666667,-1,-1,-1,-1,-1,-1,-1,-1,-1,-1,-1,-1
4/30/2020,49.20833333,-1,-1,-1,-1,-1,-1,-1,-1,-1,-1,-1,-1
5/1/2020,88.25,-1,-1,-1,-1,-1,-1,-1,-1,-1,-1,-1,-1
5/2/2020,50,-1,-1,-1,-1,-1,-1,-1,-1,-1,-1,-1,-1
5/3/2020,38.20833333,-1,-1,-1,-1,-1,-1,-1,-1,-1,-1,-1,-1
5/4/2020,46.375,-1,-1,-1,-1,-1,-1,-1,-1,-1,-1,-1,-1
5/5/2020,44.875,-1,-1,-1,-1,-1,-1,-1,-1,-1,-1,-1,-1
5/6/2020,127.8636364,-1,-1,-1,-1,-1,-1,-1,-1,-1,-1,-1,-1
5/7/2020,50.08333333,-1,-1,-1,-1,-1,-1,-1,-1,-1,-1,-1,-1
5/8/2020,76.625,-1,-1,-1,-1,-1,-1,-1,-1,-1,-1,-1,-1
5/9/2020,69.875,-1,-1,-1,-1,-1,-1,-1,-1,-1,-1,-1,-1
5/10/2020,49.70833333,-1,-1,-1,-1,-1,-1,-1,-1,-1,-1,-1,-1
5/11/2020,49.375,-1,-1,-1,-1,-1,-1,-1,-1,-1,-1,-1,-1
5/12/2020,78.08333333,-1,-1,-1,-1,-1,-1,-1,-1,-1,-1,-1,-1
5/13/2020,43,-1,-1,-1,-1,-1,-1,-1,-1,-1,-1,-1,-1
5/14/2020,59.45833333,-1,-1,-1,-1,-1,-1,-1,-1,-1,-1,-1,-1
5/15/2020,55.70833333,-1,-1,-1,-1,-1,-1,-1,-1,-1,-1,-1,-1
5/16/2020,85.91666667,-1,-1,-1,-1,-1,-1,-1,-1,-1,-1,-1,-1
5/17/2020,95.29166667,-1,-1,-1,-1,-1,-1,-1,-1,-1,-1,-1,-1
5/18/2020,62.25,-1,-1,-1,-1,-1,-1,-1,-1,-1,-1,-1,-1
5/19/2020,139.173913,-1,-1,-1,-1,-1,-1,-1,-1,-1,-1,-1,-1
5/20/2020,45.33333333,-1,-1,-1,-1,-1,-1,-1,-1,-1,-1,-1,-1
5/21/2020,70.70833333,-1,-1,-1,-1,-1,-1,-1,-1,-1,-1,-1,-1
5/22/2020,91.75,-1,-1,-1,-1,-1,-1,-1,-1,-1,-1,-1,-1
5/23/2020,61.58333333,-1,-1,-1,-1,-1,-1,-1,-1,-1,-1,-1,-1
5/24/2020,37.15,-1,-1,-1,-1,-1,-1,-1,-1,-1,-1,-1,-1
5/25/2020,43.79166667,-1,-1,-1,-1,-1,-1,-1,-1,-1,-1,-1,-1
5/26/2020,70.04166667,-1,-1,-1,-1,-1,-1,-1,-1,-1,-1,-1,-1
5/27/2020,36.41666667,-1,-1,-1,-1,-1,-1,-1,-1,-1,-1,-1,-1
5/28/2020,37.5,-1,-1,-1,-1,-1,-1,-1,-1,-1,-1,-1,-1
5/29/2020,35.95833333,-1,-1,-1,-1,-1,-1,-1,-1,-1,-1,-1,-1
5/30/2020,37.375,-1,-1,-1,-1,-1,-1,-1,-1,-1,-1,-1,-1
5/31/2020,36.91666667,-1,-1,-1,-1,-1,-1,-1,-1,-1,-1,-1,-1
6/1/2020,31.25,-1,-1,-1,-1,-1,-1,-1,-1,-1,-1,-1,-1
6/2/2020,41.70833333,-1,-1,-1,-1,-1,-1,-1,-1,-1,-1,-1,-1
6/3/2020,59,-1,-1,-1,-1,-1,-1,-1,-1,-1,-1,-1,-1
6/4/2020,47.83333333,-1,-1,-1,-1,-1,-1,-1,-1,-1,-1,-1,-1
6/5/2020,37.91304348,-1,-1,-1,-1,-1,-1,-1,-1,-1,-1,-1,-1
6/6/2020,32.69565217,-1,-1,-1,-1,-1,-1,-1,-1,-1,-1,-1,-1
6/7/2020,89.95833333,-1,-1,-1,-1,-1,-1,-1,-1,-1,-1,-1,-1
6/8/2020,76.36363636,-1,-1,-1,-1,-1,-1,-1,-1,-1,-1,-1,-1
6/9/2020,88.83333333,-1,-1,-1,-1,-1,-1,-1,-1,-1,-1,-1,-1
6/10/2020,93.41666667,-1,-1,-1,-1,-1,-1,-1,-1,-1,-1,-1,-1
6/11/2020,96.08333333,-1,-1,-1,-1,-1,-1,-1,-1,-1,-1,-1,-1
6/12/2020,69.70833333,-1,-1,-1,-1,-1,-1,-1,-1,-1,-1,-1,-1
6/13/2020,67.20833333,-1,-1,-1,-1,-1,-1,-1,-1,-1,-1,-1,-1
6/14/2020,86.45833333,-1,-1,-1,-1,-1,-1,-1,-1,-1,-1,-1,-1
6/15/2020,100.9583333,-1,-1,-1,-1,-1,-1,-1,-1,-1,-1,-1,-1
6/16/2020,73.54166667,-1,-1,-1,-1,-1,-1,-1,-1,-1,-1,-1,-1
6/17/2020,70.25,-1,-1,-1,-1,-1,-1,-1,-1,-1,-1,-1,-1
6/18/2020,64.41666667,-1,-1,-1,-1,-1,-1,-1,-1,-1,-1,-1,-1
6/19/2020,63.58333333,-1,-1,-1,-1,-1,-1,-1,-1,-1,-1,-1,-1
6/20/2020,79.33333333,-1,-1,-1,-1,-1,-1,-1,-1,-1,-1,-1,-1
6/21/2020,72.95833333,-1,-1,-1,-1,-1,-1,-1,-1,-1,-1,-1,-1
6/22/2020,40.95833333,-1,-1,-1,-1,-1,-1,-1,-1,-1,-1,-1,-1
6/23/2020,59.58333333,-1,-1,-1,-1,-1,-1,-1,-1,-1,-1,-1,-1
6/24/2020,48.625,-1,-1,-1,-1,-1,-1,-1,-1,-1,-1,-1,-1
6/25/2020,44.08333333,-1,-1,-1,-1,-1,-1,-1,-1,-1,-1,-1,-1
6/26/2020,43.875,-1,-1,-1,-1,-1,-1,-1,-1,-1,-1,-1,-1
6/27/2020,60.95833333,-1,-1,-1,-1,-1,-1,-1,-1,-1,-1,-1,-1
6/28/2020,59.04166667,-1,-1,-1,-1,-1,-1,-1,-1,-1,-1,-1,-1
6/29/2020,29.625,-1,-1,-1,-1,-1,-1,-1,-1,-1,-1,-1,-1
6/30/2020,88.25,-1,-1,-1,-1,-1,-1,-1,-1,-1,-1,-1,-1
7/1/2020,63.45833333,-1,-1,-1,-1,-1,-1,-1,-1,-1,-1,-1,-1
7/2/2020,63.33333333,-1,-1,-1,-1,-1,-1,-1,-1,-1,-1,-1,-1
7/3/2020,63.41666667,-1,-1,-1,-1,-1,-1,-1,-1,-1,-1,-1,-1
7/4/2020,48.70833333,-1,-1,-1,-1,-1,-1,-1,-1,-1,-1,-1,-1
7/5/2020,28.875,-1,-1,-1,-1,-1,-1,-1,-1,-1,-1,-1,-1
7/6/2020,65.75,-1,-1,-1,-1,-1,-1,-1,-1,-1,-1,-1,-1
7/7/2020,47.33333333,-1,-1,-1,-1,-1,-1,-1,-1,-1,-1,-1,-1
7/8/2020,17.70833333,-1,-1,-1,-1,-1,-1,-1,-1,-1,-1,-1,-1
7/9/2020,37.04166667,-1,-1,-1,-1,-1,-1,-1,-1,-1,-1,-1,-1
7/10/2020,53.58333333,-1,-1,-1,-1,-1,-1,-1,-1,-1,-1,-1,-1
7/11/2020,25,-1,-1,-1,-1,-1,-1,-1,-1,-1,-1,-1,-1
7/12/2020,13.70833333,-1,-1,-1,-1,-1,-1,-1,-1,-1,-1,-1,-1
7/13/2020,51.875,-1,-1,-1,-1,-1,-1,-1,-1,-1,-1,-1,-1
7/14/2020,48.375,-1,-1,-1,-1,-1,-1,-1,-1,-1,-1,-1,-1
7/15/2020,39.04347826,-1,-1,-1,-1,-1,-1,-1,-1,-1,22.794,-1,-1
7/16/2020,85,-1,-1,-1,-1,-1,-1,-1,-1,-1,24.929,-1,-1
7/17/2020,68.54166667,-1,-1,-1,-1,-1,-1,-1,-1,-1,-1,-1,-1
7/18/2020,53.33333333,-1,-1,-1,-1,-1,-1,-1,-1,-1,-1,-1,-1
7/19/2020,34.70833333,-1,-1,-1,-1,-1,-1,-1,-1,-1,-1,-1,-1
7/20/2020,21.54166667,-1,-1,-1,-1,-1,-1,-1,-1,-1,-1,-1,-1
7/21/2020,25.45833333,-1,-1,-1,-1,-1,-1,-1,-1,-1,-1,-1,-1
7/22/2020,61.41666667,-1,-1,-1,-1,-1,-1,-1,-1,-1,-1,-1,-1
7/23/2020,64.04166667,-1,-1,-1,-1,-1,-1,-1,-1,-1,-1,-1,-1
7/24/2020,50.08333333,-1,-1,-1,-1,-1,-1,-1,-1,-1,-1,-1,-1
7/25/2020,39.04166667,-1,-1,-1,-1,-1,-1,-1,-1,-1,-1,-1,-1
7/26/2020,29.125,-1,-1,-1,-1,-1,-1,-1,-1,-1,-1,-1,-1
7/27/2020,50.66666667,-1,-1,-1,-1,-1,-1,-1,-1,-1,-1,-1,-1
7/28/2020,34.33333333,-1,-1,-1,-1,-1,-1,-1,-1,-1,14.935,-1,-1
7/29/2020,30.125,-1,-1,-1,-1,-1,-1,-1,-1,-1,16.38,-1,-1
7/30/2020,16.95833333,-1,-1,-1,-1,-1,-1,-1,-1,-1,16.504,-1,-1
7/31/2020,21.33333333,-1,-1,-1,-1,-1,-1,-1,-1,-1,24.041,-1,-1
8/1/2020,22.08333333,-1,-1,-1,-1,-1,-1,-1,-1,-1,22.309,-1,-1
8/2/2020,18.58333333,-1,-1,-1,-1,-1,-1,-1,-1,-1,16.44,-1,-1
8/3/2020,27.25,-1,-1,-1,-1,-1,-1,-1,-1,-1,-1,-1,-1
8/4/2020,25.375,-1,-1,-1,-1,-1,-1,-1,-1,-1,53.816,-1,-1
8/5/2020,29.08333333,-1,-1,-1,-1,-1,-1,-1,-1,-1,16.826,-1,-1
8/6/2020,27,-1,-1,-1,-1,-1,-1,-1,-1,-1,9.761,-1,-1
8/7/2020,13.375,-1,-1,-1,-1,-1,-1,-1,-1,-1,7.555,-1,-1
8/8/2020,31.375,-1,-1,-1,-1,-1,-1,-1,-1,-1,16.788,-1,-1
8/9/2020,42,-1,-1,-1,-1,-1,-1,-1,-1,-1,19.625,-1,-1
8/10/2020,28.375,-1,-1,-1,-1,-1,-1,-1,-1,-1,13.758,-1,-1
8/11/2020,65.95833333,-1,-1,-1,-1,-1,-1,-1,-1,-1,28.193,-1,-1
8/12/2020,36.36842105,-1,-1,-1,-1,-1,-1,-1,-1,-1,18.428,-1,-1
8/13/2020,35,-1,-1,-1,-1,-1,-1,-1,-1,-1,22.087,-1,-1
8/14/2020,15.58333333,-1,-1,-1,-1,-1,-1,-1,-1,-1,10.104,-1,-1
8/15/2020,21.70833333,-1,-1,-1,-1,-1,-1,-1,-1,-1,11.615,-1,-1
8/16/2020,35.75,-1,-1,-1,-1,-1,-1,-1,-1,-1,11.615,-1,-1
8/17/2020,30.54166667,-1,-1,-1,-1,-1,-1,-1,-1,-1,16.894,-1,-1
8/18/2020,40.125,-1,-1,-1,-1,-1,-1,-1,-1,-1,18.542,-1,-1
8/19/2020,27.875,-1,-1,-1,-1,-1,-1,-1,-1,-1,15.676,-1,-1
8/20/2020,17.75,-1,-1,-1,-1,-1,-1,-1,-1,-1,12.388,-1,-1
8/21/2020,15.95833333,-1,-1,-1,-1,-1,-1,-1,-1,-1,-1,-1,-1
8/22/2020,94.45833333,-1,-1,-1,-1,-1,-1,-1,-1,-1,-1,-1,-1
8/23/2020,37.5,-1,-1,-1,-1,-1,-1,-1,-1,-1,-1,-1,-1
8/24/2020,15.33333333,-1,-1,-1,-1,-1,-1,-1,-1,-1,12.178,-1,-1
8/25/2020,16.45833333,-1,-1,-1,-1,-1,-1,-1,-1,-1,12.548,-1,-1
8/26/2020,18.125,-1,-1,-1,-1,-1,-1,-1,-1,-1,-1,-1,-1
8/27/2020,14.20833333,-1,-1,-1,-1,-1,-1,-1,-1,-1,-1,-1,-1
8/28/2020,31.54166667,-1,-1,-1,-1,-1,-1,-1,-1,-1,-1,-1,-1
8/29/2020,30.75,-1,-1,-1,-1,-1,-1,-1,-1,-1,-1,-1,-1
8/30/2020,32.25,-1,-1,-1,-1,-1,-1,-1,-1,-1,-1,-1,-1
8/31/2020,15.75,-1,-1,-1,-1,-1,-1,-1,-1,-1,-1,-1,-1
9/1/2020,14.83333333,-1,-1,-1,-1,-1,-1,-1,-1,-1,-1,-1,-1
9/2/2020,20.95833333,-1,-1,-1,-1,-1,-1,-1,-1,-1,-1,-1,-1
9/3/2020,14.5,-1,-1,-1,-1,-1,-1,-1,-1,-1,-1,-1,-1
9/4/2020,44.33333333,-1,-1,-1,-1,-1,-1,-1,-1,-1,-1,-1,-1
9/5/2020,102.2083333,-1,-1,-1,-1,-1,-1,-1,-1,-1,-1,-1,-1
9/6/2020,46.41666667,-1,-1,-1,-1,-1,-1,-1,-1,-1,-1,-1,-1
9/7/2020,76.45833333,-1,-1,-1,-1,-1,-1,-1,-1,-1,-1,-1,-1
9/8/2020,62.875,-1,-1,-1,-1,-1,-1,-1,-1,-1,-1,-1,-1
9/9/2020,63.20833333,-1,-1,-1,-1,-1,-1,-1,-1,-1,-1,-1,-1
9/10/2020,64.33333333,-1,-1,-1,-1,-1,-1,-1,-1,-1,-1,-1,-1
9/11/2020,54.20833333,-1,-1,-1,-1,-1,-1,-1,-1,-1,-1,-1,-1
9/12/2020,50.5,-1,-1,-1,-1,-1,-1,-1,-1,-1,-1,-1,-1
9/13/2020,57.70833333,-1,-1,-1,-1,-1,-1,-1,-1,-1,-1,-1,-1
9/14/2020,59.91666667,-1,-1,-1,-1,-1,-1,-1,-1,-1,-1,-1,-1
9/15/2020,55.33333333,-1,-1,-1,-1,-1,-1,-1,-1,-1,-1,-1,-1
9/16/2020,55.875,-1,-1,-1,-1,-1,-1,-1,-1,-1,2.611,-1,-1
9/17/2020,56.08333333,-1,-1,-1,-1,-1,-1,-1,-1,-1,-1,-1,-1
9/18/2020,69,-1,-1,-1,-1,-1,-1,-1,-1,-1,-1,-1,-1
9/19/2020,58.66666667,-1,-1,-1,-1,-1,-1,-1,-1,-1,-1,-1,-1
9/20/2020,59.125,-1,-1,-1,-1,-1,-1,-1,-1,-1,-1,-1,-1
9/21/2020,67.16666667,-1,-1,-1,-1,-1,-1,-1,-1,-1,-1,-1,-1
9/22/2020,78.33333333,-1,-1,-1,-1,-1,-1,-1,-1,-1,-1,-1,-1
9/23/2020,83.875,-1,-1,-1,-1,-1,-1,-1,-1,-1,-1,-1,-1
9/24/2020,88.79166667,-1,-1,-1,-1,-1,-1,-1,-1,-1,-1,-1,-1
9/25/2020,78.16666667,-1,-1,-1,-1,-1,-1,-1,-1,-1,-1,-1,-1
9/26/2020,67.5,-1,-1,-1,-1,-1,-1,-1,-1,-1,-1,-1,-1
9/27/2020,84.20833333,-1,-1,-1,-1,-1,-1,-1,-1,-1,-1,-1,-1
9/28/2020,113.4347826,-1,-1,-1,-1,-1,-1,-1,-1,-1,-1,-1,-1
9/29/2020,100.125,-1,-1,-1,-1,-1,-1,-1,-1,-1,-1,-1,-1
9/30/2020,74.83333333,-1,-1,-1,-1,-1,-1,-1,-1,-1,-1,-1,-1
10/1/2020,131,-1,-1,-1,-1,-1,-1,-1,-1,-1,-1,-1,-1
10/2/2020,99.95833333,-1,-1,-1,-1,-1,-1,-1,-1,-1,-1,-1,-1
10/3/2020,95.875,-1,-1,-1,-1,-1,-1,-1,-1,-1,-1,-1,-1
10/4/2020,110.0833333,-1,-1,-1,-1,-1,-1,-1,-1,-1,-1,-1,-1
10/5/2020,95.08333333,-1,-1,-1,-1,-1,-1,-1,-1,-1,-1,-1,-1
10/6/2020,99.79166667,-1,-1,-1,-1,-1,-1,-1,-1,-1,-1,-1,-1
10/7/2020,93.25,-1,-1,-1,-1,-1,-1,-1,-1,-1,25.336,-1,-1
10/8/2020,70.41666667,-1,-1,-1,-1,-1,-1,-1,-1,-1,19.793,-1,-1
10/9/2020,111.1666667,-1,-1,-1,-1,-1,-1,-1,-1,-1,-1,-1,-1
10/10/2020,127.2083333,-1,-1,-1,-1,-1,-1,-1,-1,-1,30.106,-1,-1
10/11/2020,85.91666667,-1,-1,-1,-1,-1,-1,-1,-1,-1,19.589,-1,-1
10/12/2020,110,-1,-1,-1,-1,-1,-1,-1,-1,-1,28.477,-1,-1
10/13/2020,183.25,-1,-1,-1,-1,-1,-1,-1,-1,-1,43.195,-1,-1
10/14/2020,150.2916667,-1,-1,-1,-1,-1,-1,-1,-1,-1,33.457,-1,-1
10/15/2020,127.0833333,-1,-1,-1,-1,-1,-1,-1,-1,-1,37.037,-1,-1
10/16/2020,134.125,-1,-1,-1,-1,-1,-1,-1,-1,-1,34.381,-1,-1
10/17/2020,189.5416667,-1,-1,-1,-1,-1,-1,-1,-1,-1,44.554,-1,-1
10/18/2020,123.875,-1,-1,-1,-1,-1,-1,-1,-1,-1,32.471,-1,-1
10/19/2020,127.875,-1,-1,-1,-1,-1,-1,-1,-1,-1,32.491,-1,-1
10/20/2020,163.3333333,-1,-1,-1,-1,-1,-1,-1,-1,-1,42.194,-1,-1
10/21/2020,235.9583333,-1,-1,-1,-1,-1,-1,-1,-1,-1,57.867,-1,-1
10/22/2020,251.5,-1,-1,-1,-1,-1,-1,-1,-1,-1,-1,-1,-1
10/23/2020,188.2916667,-1,-1,-1,-1,-1,-1,-1,-1,-1,51.26,-1,-1
10/24/2020,206.2083333,-1,-1,-1,-1,-1,-1,-1,-1,-1,56.299,-1,-1
10/25/2020,200.5,-1,-1,-1,-1,-1,-1,-1,-1,-1,53.193,-1,-1
10/26/2020,120.3333333,-1,-1,-1,-1,-1,-1,-1,-1,-1,28.044,-1,-1
10/27/2020,124.5833333,-1,-1,-1,-1,-1,-1,-1,-1,-1,35.927,-1,-1
10/28/2020,198.25,-1,-1,-1,-1,-1,-1,-1,-1,-1,35.927,-1,-1
10/29/2020,236.9583333,-1,-1,-1,-1,-1,-1,-1,-1,-1,56.669,-1,-1
10/30/2020,312.2083333,-1,-1,-1,-1,-1,-1,-1,-1,-1,64.847,-1,-1
10/31/2020,158.25,-1,-1,-1,-1,-1,-1,-1,-1,-1,46.068,-1,-1
11/1/2020,165.7083333,-1,-1,-1,-1,-1,-1,-1,-1,-1,46.684,-1,-1
11/2/2020,181.125,-1,-1,-1,-1,-1,-1,-1,-1,-1,52.102,-1,-1
11/3/2020,210.125,-1,-1,-1,-1,-1,-1,-1,-1,-1,52.052,-1,-1
11/4/2020,183.25,-1,-1,-1,-1,-1,-1,-1,-1,-1,53.669,-1,-1
11/5/2020,270.375,-1,-1,-1,-1,-1,-1,-1,-1,-1,-1,-1,-1
11/6/2020,342.4583333,-1,-1,-1,-1,-1,-1,-1,-1,-1,-1,-1,-1
11/7/2020,180.8333333,-1,-1,-1,-1,-1,-1,-1,-1,-1,69.755,-1,-1
11/8/2020,213.5,-1,-1,-1,-1,-1,-1,-1,-1,-1,-1,-1,-1
11/9/2020,352.75,-1,-1,-1,-1,-1,-1,-1,-1,-1,69.133,-1,-1
11/10/2020,363.7916667,-1,-1,-1,-1,-1,-1,-1,-1,-1,78.465,-1,-1
11/11/2020,379.5833333,-1,-1,-1,-1,-1,-1,-1,-1,-1,95.905,-1,-1
11/12/2020,334.4166667,-1,-1,-1,-1,-1,-1,-1,-1,-1,38.599,-1,-1
11/13/2020,358.0416667,-1,-1,-1,-1,-1,-1,-1,-1,-1,58.141,-1,-1
11/14/2020,452.1666667,-1,-1,-1,-1,-1,-1,-1,-1,-1,63.734,-1,-1
11/15/2020,249.4166667,-1,-1,-1,-1,-1,-1,-1,-1,-1,78.131,-1,-1
11/16/2020,96,-1,-1,-1,-1,-1,-1,-1,-1,-1,59.023,-1,-1
11/17/2020,96.20833333,-1,-1,-1,-1,-1,-1,-1,-1,-1,20.949,-1,-1
11/18/2020,148.4166667,-1,-1,-1,-1,-1,-1,-1,-1,-1,23.349,-1,-1
11/19/2020,187.75,-1,-1,-1,-1,-1,-1,-1,-1,-1,34.621,-1,-1
11/20/2020,194.6666667,-1,-1,-1,-1,-1,-1,-1,-1,-1,43.622,-1,-1
11/21/2020,123.7083333,-1,-1,-1,-1,-1,-1,-1,-1,-1,43.893,-1,-1
11/22/2020,190.5,-1,-1,-1,-1,-1,-1,-1,-1,-1,29.758,-1,-1
11/23/2020,295.7916667,-1,-1,-1,-1,-1,-1,-1,-1,-1,39.372,-1,-1
11/24/2020,119.4166667,-1,-1,-1,-1,-1,-1,-1,-1,-1,59.378,-1,-1
11/25/2020,217.1666667,-1,-1,-1,-1,-1,-1,-1,-1,-1,-1,-1,-1
11/26/2020,167.3333333,-1,-1,-1,-1,-1,-1,-1,-1,-1,47.271,-1,-1
11/27/2020,100.7083333,-1,-1,-1,-1,-1,-1,-1,-1,-1,32.406,-1,-1
11/28/2020,157.3333333,-1,-1,-1,-1,-1,-1,-1,-1,-1,25.159,-1,-1
11/29/2020,209.125,-1,-1,-1,-1,-1,-1,-1,-1,-1,35.429,-1,-1
11/30/2020,349.4583333,-1,-1,-1,-1,-1,-1,-1,-1,-1,47.313,-1,-1
12/1/2020,-1,-1,-1,-1,-1,-1,-1,-1,-1,-1,58.862,-1,-1
12/2/2020,-1,-1,-1,-1,-1,-1,-1,-1,-1,-1,50.507,-1,-1
12/3/2020,243.5416667,-1,-1,-1,-1,-1,-1,-1,-1,-1,46.326,-1,-1
12/4/2020,286.375,-1,-1,-1,-1,-1,-1,-1,-1,-1,51.504,-1,-1
12/5/2020,253.4583333,-1,-1,-1,-1,-1,-1,-1,-1,-1,54.537,-1,-1
12/6/2020,365.9583333,-1,-1,-1,-1,-1,-1,-1,-1,-1,48.189,-1,-1
12/7/2020,200.2916667,-1,-1,-1,-1,-1,-1,-1,-1,-1,57.752,-1,-1
12/8/2020,261.9166667,-1,-1,-1,-1,-1,-1,-1,-1,-1,40.725,-1,-1
12/9/2020,155.7916667,-1,-1,-1,-1,-1,-1,-1,-1,-1,42.897,-1,-1
12/10/2020,172.2916667,-1,-1,-1,-1,-1,-1,-1,-1,-1,25.554,-1,-1
12/11/2020,160.625,-1,-1,-1,-1,-1,-1,-1,-1,-1,35.775,-1,-1
12/12/2020,67.29166667,-1,-1,-1,-1,-1,-1,-1,-1,-1,29.033,-1,-1
12/13/2020,80.45833333,-1,-1,-1,-1,-1,-1,-1,-1,-1,13.061,-1,-1
12/14/2020,109.5,-1,-1,-1,-1,-1,-1,-1,-1,-1,14.841,-1,-1
12/15/2020,129.2916667,-1,-1,-1,-1,-1,-1,-1,-1,-1,16.514,-1,-1
12/16/2020,143.2083333,-1,-1,-1,-1,-1,-1,-1,-1,-1,20.144,-1,-1
12/17/2020,277.8333333,-1,-1,-1,-1,-1,-1,-1,-1,-1,22.169,-1,-1
12/18/2020,232.7916667,-1,-1,-1,-1,-1,-1,-1,-1,-1,40.48,-1,-1
12/19/2020,281.7368421,-1,-1,-1,-1,-1,-1,-1,-1,-1,40.523,-1,-1
12/20/2020,236.8181818,-1,-1,-1,-1,-1,-1,-1,-1,-1,56.657,-1,-1
12/21/2020,273.5833333,-1,-1,-1,-1,-1,-1,-1,-1,-1,51.197,-1,-1
12/22/2020,405.875,-1,-1,-1,-1,-1,-1,-1,-1,-1,51.563,-1,-1
12/23/2020,344.2857143,-1,-1,-1,-1,-1,-1,-1,-1,-1,69.548,-1,-1
12/24/2020,364.1666667,-1,-1,-1,-1,-1,-1,-1,-1,-1,41.884,-1,-1
12/25/2020,415.4285714,-1,-1,-1,-1,-1,-1,-1,-1,-1,64.884,-1,-1
12/26/2020,324.8636364,-1,-1,-1,-1,-1,-1,-1,-1,-1,48.979,-1,-1
12/27/2020,134.0416667,-1,-1,-1,-1,-1,-1,-1,-1,-1,66.966,-1,-1
12/28/2020,133.7083333,-1,-1,-1,-1,-1,-1,-1,-1,-1,24.879,-1,-1
12/29/2020,204.9583333,-1,-1,-1,-1,-1,-1,-1,-1,-1,20.981,-1,-1
12/30/2020,299.2916667,-1,-1,-1,-1,-1,-1,-1,-1,-1,31.129,-1,-1
12/31/2020,380.6666667,-1,-1,-1,-1,-1,-1,-1,-1,-1,46.972,-1,-1
1/1/2021,345.9166667,-1,-1,-1,-1,-1,-1,-1,-1,-1,57.108,-1,-1
1/2/2021,290.4583333,-1,-1,-1,-1,-1,-1,-1,-1,-1,56.499,-1,-1
1/3/2021,189.7916667,-1,-1,-1,-1,-1,-1,-1,-1,-1,19.168,-1,-1
1/4/2021,135.75,-1,-1,-1,-1,-1,-1,-1,-1,-1,20.67,-1,-1
1/5/2021,65.58333333,-1,-1,-1,-1,-1,-1,-1,-1,-1,13.92,-1,-1
1/6/2021,63.66666667,-1,-1,-1,-1,-1,-1,-1,-1,-1,8.26,-1,-1
1/7/2021,110.5833333,-1,-1,-1,-1,-1,-1,-1,-1,-1,14.352,-1,-1
1/8/2021,122.1666667,-1,-1,-1,-1,-1,-1,-1,-1,-1,20.013,-1,-1
1/9/2021,173.9583333,-1,-1,-1,-1,-1,-1,-1,-1,-1,21.929,-1,-1
1/10/2021,169.375,-1,-1,-1,-1,-1,-1,-1,-1,-1,-1,-1,-1
1/11/2021,319.1666667,-1,-1,-1,-1,-1,-1,-1,-1,-1,30.376,-1,-1
1/12/2021,254,-1,-1,-1,-1,-1,-1,-1,-1,-1,-1,-1,-1
1/13/2021,266.3333333,-1,-1,-1,-1,-1,-1,-1,-1,-1,36.212,-1,-1
1/14/2021,231.5416667,-1,-1,-1,-1,-1,-1,-1,-1,-1,48.881,-1,-1
1/15/2021,348.0416667,-1,-1,-1,-1,-1,-1,-1,-1,-1,35.377,-1,-1
1/16/2021,266.625,-1,-1,-1,-1,-1,-1,-1,-1,-1,55.964,-1,-1
1/17/2021,172.4166667,-1,-1,-1,-1,-1,-1,-1,-1,-1,38.786,-1,-1
1/18/2021,243.625,-1,-1,-1,-1,-1,-1,-1,-1,-1,27.3,-1,-1
1/19/2021,204.5,-1,-1,-1,-1,-1,-1,-1,-1,-1,38.279,-1,-1
1/20/2021,173.0833333,-1,-1,-1,-1,-1,-1,-1,-1,-1,18.996,-1,-1
1/21/2021,210.5833333,-1,-1,-1,-1,-1,-1,-1,-1,-1,-1,-1,-1
1/22/2021,174.125,-1,-1,-1,-1,-1,-1,-1,-1,-1,-1,-1,-1
1/23/2021,220.125,-1,-1,-1,-1,-1,-1,-1,-1,-1,-1,-1,-1
1/24/2021,167.6666667,-1,-1,-1,-1,-1,-1,-1,-1,-1,-1,-1,-1
1/25/2021,178.7083333,-1,-1,-1,-1,-1,-1,-1,-1,-1,-1,-1,-1
1/26/2021,178.0833333,-1,-1,-1,-1,-1,-1,-1,-1,-1,-1,-1,-1
1/27/2021,204.3333333,-1,-1,-1,-1,-1,-1,-1,-1,-1,-1,-1,-1
1/28/2021,176,-1,-1,-1,-1,-1,-1,-1,-1,-1,-1,-1,-1
1/29/2021,204.8333333,-1,-1,-1,-1,-1,-1,-1,-1,-1,-1,-1,-1
1/30/2021,172.125,-1,-1,-1,-1,-1,-1,-1,-1,-1,24.572,-1,-1
1/31/2021,224.25,-1,-1,-1,-1,-1,-1,-1,-1,-1,-1,-1,-1
2/1/2021,263.8333333,-1,-1,-1,-1,-1,-1,-1,-1,-1,-1,-1,-1
2/2/2021,-1,-1,-1,-1,-1,-1,-1,-1,-1,-1,-1,-1,-1
2/3/2021,235.9583333,-1,-1,-1,-1,-1,-1,-1,-1,-1,-1,-1,-1
2/4/2021,68.41666667,-1,-1,-1,-1,-1,-1,-1,-1,-1,-1,-1,-1
2/5/2021,84.875,-1,-1,-1,-1,-1,-1,-1,-1,-1,-1,-1,-1
2/6/2021,170.75,-1,-1,-1,-1,-1,-1,-1,-1,-1,-1,-1,-1
2/7/2021,143.25,-1,-1,-1,-1,-1,-1,-1,-1,-1,-1,-1,-1
2/8/2021,162.875,-1,-1,-1,-1,-1,-1,-1,-1,-1,-1,-1,-1
2/9/2021,220.7916667,-1,-1,-1,-1,-1,-1,-1,-1,-1,-1,-1,-1
2/10/2021,313.5416667,-1,-1,-1,-1,-1,-1,-1,-1,-1,-1,-1,-1
2/11/2021,331.1666667,-1,-1,-1,-1,-1,-1,-1,-1,-1,-1,-1,-1
2/12/2021,343.5,-1,-1,-1,-1,-1,-1,-1,-1,-1,-1,-1,-1
2/13/2021,161.75,-1,-1,-1,-1,-1,-1,-1,-1,-1,-1,-1,-1
2/14/2021,258.75,-1,-1,-1,-1,-1,-1,-1,-1,-1,-1,-1,-1
2/15/2021,248.8333333,-1,-1,-1,-1,-1,-1,-1,-1,-1,-1,-1,-1
2/16/2021,327.75,-1,-1,-1,-1,-1,-1,-1,-1,-1,-1,-1,-1
2/17/2021,382.5833333,-1,-1,-1,-1,-1,-1,-1,-1,-1,-1,-1,-1
2/18/2021,280.4347826,-1,-1,-1,-1,-1,-1,-1,-1,-1,-1,-1,-1
2/19/2021,197.5,-1,-1,-1,-1,-1,-1,-1,-1,-1,-1,-1,-1
2/20/2021,223.9583333,-1,-1,-1,-1,-1,-1,-1,-1,-1,-1,-1,-1
2/21/2021,310,-1,-1,-1,-1,-1,-1,-1,-1,-1,-1,-1,-1
2/22/2021,170.2916667,-1,-1,-1,-1,-1,-1,-1,-1,-1,-1,-1,-1
2/23/2021,106.2916667,-1,-1,-1,-1,-1,-1,-1,-1,-1,-1,-1,-1
2/24/2021,-1,-1,-1,-1,-1,-1,-1,-1,-1,-1,-1,-1,-1
2/25/2021,-1,-1,-1,-1,-1,-1,-1,-1,-1,-1,-1,-1,-1
2/26/2021,137.7083333,-1,-1,-1,-1,-1,-1,-1,-1,-1,-1,-1,-1
2/27/2021,85.20833333,-1,-1,-1,-1,-1,-1,-1,-1,-1,-1,-1,-1
2/28/2021,120.5833333,-1,-1,-1,-1,-1,-1,-1,-1,-1,-1,-1,-1
3/1/2021,83.45833333,-1,-1,-1,-1,-1,-1,-1,-1,-1,-1,-1,-1
3/2/2021,87.83333333,-1,-1,-1,-1,-1,-1,-1,-1,-1,-1,-1,-1
3/3/2021,132.75,-1,-1,-1,-1,-1,-1,-1,-1,-1,-1,-1,-1
3/4/2021,146.1666667,-1,-1,-1,-1,-1,-1,-1,-1,-1,-1,-1,-1
3/5/2021,116.0416667,-1,-1,-1,-1,-1,-1,-1,-1,-1,-1,-1,-1
3/6/2021,103.5833333,-1,-1,-1,-1,-1,-1,-1,-1,-1,-1,-1,-1
3/7/2021,46.25,-1,-1,-1,-1,-1,-1,-1,-1,-1,-1,-1,-1
3/8/2021,60.375,-1,-1,-1,-1,-1,-1,-1,-1,-1,-1,-1,-1
3/9/2021,155.8333333,-1,-1,-1,-1,-1,-1,-1,-1,-1,-1,-1,-1
3/10/2021,190.9583333,-1,-1,-1,-1,-1,-1,-1,-1,-1,-1,-1,-1
3/11/2021,101.5,-1,-1,-1,-1,-1,-1,-1,-1,-1,-1,-1,-1
3/12/2021,41.58333333,-1,-1,-1,-1,-1,-1,-1,-1,-1,-1,-1,-1
3/13/2021,56.91666667,-1,-1,-1,-1,-1,-1,-1,-1,-1,-1,-1,-1
3/14/2021,91.625,-1,-1,-1,-1,-1,-1,-1,-1,-1,-1,-1,-1
3/15/2021,75.58333333,-1,-1,-1,-1,-1,-1,-1,-1,-1,-1,-1,-1
3/16/2021,110.625,-1,-1,-1,-1,-1,-1,-1,-1,-1,-1,-1,-1
3/17/2021,138.25,-1,-1,-1,-1,-1,-1,-1,-1,-1,-1,-1,-1
3/18/2021,153.875,-1,-1,-1,-1,-1,-1,-1,-1,-1,-1,-1,-1
3/19/2021,71.875,-1,-1,-1,-1,-1,-1,-1,-1,-1,-1,-1,-1
3/20/2021,98.58333333,-1,-1,-1,-1,-1,-1,-1,-1,-1,-1,-1,-1
3/21/2021,86.54166667,-1,-1,-1,-1,-1,-1,-1,-1,-1,-1,-1,-1
3/22/2021,58.625,-1,-1,-1,-1,-1,-1,-1,-1,-1,-1,-1,-1
3/23/2021,38.54166667,-1,-1,-1,-1,-1,-1,-1,-1,-1,-1,-1,-1
3/24/2021,57.75,-1,-1,-1,-1,-1,-1,-1,-1,-1,-1,-1,-1
3/25/2021,68.125,-1,-1,-1,-1,-1,-1,-1,-1,-1,-1,-1,-1
3/26/2021,79.08333333,-1,-1,-1,-1,-1,-1,-1,-1,-1,-1,-1,-1
3/27/2021,117.75,-1,-1,-1,-1,-1,-1,-1,-1,-1,-1,-1,-1
3/28/2021,106.0416667,-1,-1,-1,-1,-1,-1,-1,-1,-1,-1,-1,-1
3/29/2021,85.16666667,-1,-1,-1,-1,-1,-1,-1,-1,-1,-1,-1,-1
3/30/2021,-1,-1,-1,-1,-1,-1,-1,-1,-1,-1,-1,-1,-1
3/31/2021,-1,-1,-1,-1,-1,-1,-1,-1,-1,-1,-1,-1,-1
4/1/2021,-1,-1,-1,-1,-1,-1,-1,-1,-1,-1,-1,-1,-1
4/2/2021,48.75,-1,-1,-1,-1,-1,-1,-1,-1,-1,-1,-1,-1
4/3/2021,124.625,-1,-1,-1,-1,-1,-1,-1,-1,-1,-1,-1,-1
4/4/2021,135.5,-1,-1,-1,-1,-1,-1,-1,-1,-1,-1,-1,-1
4/5/2021,77.83333333,-1,-1,-1,-1,-1,-1,-1,-1,-1,-1,-1,-1
4/6/2021,80.58333333,-1,-1,-1,-1,-1,-1,-1,-1,-1,-1,-1,-1
4/7/2021,60.91666667,-1,-1,-1,-1,-1,-1,-1,-1,-1,-1,-1,-1
4/8/2021,50.20833333,-1,-1,-1,-1,-1,-1,-1,-1,-1,-1,-1,-1
4/9/2021,71.91666667,-1,-1,-1,-1,-1,-1,-1,-1,-1,-1,-1,-1
4/10/2021,94.625,-1,-1,-1,-1,-1,-1,-1,-1,-1,-1,-1,-1
4/11/2021,93.70833333,-1,-1,-1,-1,-1,-1,-1,-1,-1,-1,-1,-1
4/12/2021,51.20833333,-1,-1,-1,-1,-1,-1,-1,-1,-1,-1,-1,-1
4/13/2021,81,-1,-1,-1,-1,-1,-1,-1,-1,-1,-1,-1,-1
4/14/2021,76.41666667,-1,-1,-1,-1,-1,-1,-1,-1,-1,-1,-1,-1
4/15/2021,58.58333333,-1,-1,-1,-1,-1,-1,-1,-1,-1,-1,-1,-1
4/16/2021,43.20833333,-1,-1,-1,-1,-1,-1,-1,-1,-1,-1,-1,-1
4/17/2021,46.83333333,-1,-1,-1,-1,-1,-1,-1,-1,-1,-1,-1,-1
4/18/2021,55.875,-1,-1,-1,-1,-1,-1,-1,-1,-1,-1,-1,-1
4/19/2021,64.58333333,-1,-1,-1,-1,-1,-1,-1,-1,-1,-1,-1,-1
4/20/2021,99.83333333,-1,-1,-1,-1,-1,-1,-1,-1,-1,-1,-1,-1
4/21/2021,58.58333333,-1,-1,-1,-1,-1,-1,-1,-1,-1,-1,-1,-1
4/22/2021,41.75,-1,-1,-1,-1,-1,-1,-1,-1,-1,-1,-1,-1
4/23/2021,18.375,-1,-1,-1,-1,-1,-1,-1,-1,-1,-1,-1,-1
4/24/2021,63.45833333,-1,-1,-1,-1,-1,-1,-1,-1,-1,-1,-1,-1
4/25/2021,70.41666667,-1,-1,-1,-1,-1,-1,-1,-1,-1,-1,-1,-1
4/26/2021,151.0833333,-1,-1,-1,-1,-1,-1,-1,-1,-1,-1,-1,-1
4/27/2021,147.9583333,-1,-1,-1,-1,-1,-1,-1,-1,-1,-1,-1,-1
4/28/2021,124.375,-1,-1,-1,-1,-1,-1,-1,-1,-1,-1,-1,-1
4/29/2021,103.875,-1,-1,-1,-1,-1,-1,-1,-1,-1,-1,-1,-1
4/30/2021,64.79166667,-1,-1,-1,-1,-1,-1,-1,-1,-1,-1,-1,-1
5/1/2021,80.04166667,-1,-1,-1,-1,-1,-1,-1,-1,-1,-1,-1,-1
5/2/2021,69.04166667,-1,-1,-1,-1,-1,-1,-1,-1,-1,-1,-1,-1
5/3/2021,70.45833333,-1,-1,-1,-1,-1,-1,-1,-1,-1,-1,-1,-1
5/4/2021,75.45833333,-1,-1,-1,-1,-1,-1,-1,-1,-1,-1,-1,-1
5/5/2021,60.125,-1,-1,-1,-1,-1,-1,-1,-1,-1,-1,-1,-1
5/6/2021,74.625,-1,-1,-1,-1,-1,-1,-1,-1,-1,-1,-1,-1
5/7/2021,72.75,-1,-1,-1,-1,-1,-1,-1,-1,-1,-1,-1,-1
5/8/2021,67.16666667,-1,-1,-1,-1,-1,-1,-1,-1,-1,-1,-1,-1
5/9/2021,93.41666667,-1,-1,-1,-1,-1,-1,-1,-1,-1,-1,-1,-1
5/10/2021,87.08333333,-1,-1,-1,-1,-1,-1,-1,-1,-1,-1,-1,-1
5/11/2021,43.75,-1,-1,-1,-1,-1,-1,-1,-1,-1,-1,-1,-1
5/12/2021,56.33333333,-1,-1,-1,-1,-1,-1,-1,-1,-1,-1,-1,-1
5/13/2021,26.91666667,-1,-1,-1,-1,-1,-1,-1,-1,-1,-1,-1,-1
5/14/2021,42.66666667,-1,-1,-1,-1,-1,-1,-1,-1,-1,-1,-1,-1
5/15/2021,-1,-1,-1,-1,-1,-1,-1,-1,-1,-1,-1,-1,-1
5/16/2021,-1,-1,-1,-1,-1,-1,-1,-1,-1,-1,-1,-1,-1
5/17/2021,-1,-1,-1,-1,-1,-1,-1,-1,-1,-1,-1,-1,-1
5/18/2021,52.75,-1,-1,-1,-1,-1,-1,-1,-1,-1,-1,-1,-1
5/19/2021,50.70833333,-1,-1,-1,-1,-1,-1,-1,-1,-1,-1,-1,-1
5/20/2021,45.91666667,-1,-1,-1,-1,-1,-1,-1,-1,-1,-1,-1,-1
5/21/2021,22.45833333,-1,-1,-1,-1,-1,-1,-1,-1,-1,-1,-1,-1
5/22/2021,43.875,-1,-1,-1,-1,-1,-1,-1,-1,-1,-1,-1,-1
5/23/2021,43.58333333,-1,-1,-1,-1,-1,-1,-1,-1,-1,-1,-1,-1
5/24/2021,58.04166667,-1,-1,-1,-1,-1,-1,-1,-1,-1,-1,-1,-1
5/25/2021,62.04166667,-1,-1,-1,-1,-1,-1,-1,-1,-1,-1,-1,-1
5/26/2021,61.29166667,-1,-1,-1,-1,-1,-1,-1,-1,-1,-1,-1,-1
5/27/2021,63.66666667,-1,-1,-1,-1,-1,-1,-1,-1,-1,-1,-1,-1
5/28/2021,81.375,-1,-1,-1,-1,-1,-1,-1,-1,-1,-1,-1,-1
5/29/2021,105.7083333,-1,-1,-1,-1,-1,-1,-1,-1,-1,-1,-1,-1
5/30/2021,36.83333333,-1,-1,-1,-1,-1,-1,-1,-1,-1,-1,-1,-1
5/31/2021,69.125,-1,-1,-1,-1,-1,-1,-1,-1,-1,-1,-1,-1
6/1/2021,25.54166667,-1,-1,-1,-1,-1,-1,-1,-1,-1,-1,-1,-1
6/2/2021,47.625,-1,-1,-1,-1,-1,-1,-1,-1,-1,-1,-1,-1
6/3/2021,43.33333333,-1,-1,-1,-1,-1,-1,-1,-1,-1,-1,-1,-1
6/4/2021,78.5,-1,-1,-1,-1,-1,-1,-1,-1,-1,-1,-1,-1
6/5/2021,46.33333333,-1,-1,-1,-1,-1,-1,-1,-1,-1,-1,-1,-1
6/6/2021,43.125,-1,-1,-1,-1,-1,-1,-1,-1,-1,-1,-1,-1
6/7/2021,52.79166667,-1,-1,-1,-1,-1,-1,-1,-1,-1,-1,-1,-1
6/8/2021,44,-1,-1,-1,-1,-1,-1,-1,-1,-1,-1,-1,-1
6/9/2021,56.875,-1,-1,-1,-1,-1,-1,-1,-1,-1,-1,-1,-1
6/10/2021,71.875,-1,-1,-1,-1,-1,-1,-1,-1,-1,-1,-1,-1
6/11/2021,49.70833333,-1,32.55332599,35.54064158,34.62009244,35.21140117,35.96489243,-1,37.82078644,35.71763606,-1,-1,-1
6/12/2021,46.45833333,-1,-1,-1,-1,-1,-1,41.15598214,-1,-1,-1,-1,-1
6/13/2021,31.875,-1,-1,-1,-1,-1,-1,0,-1,-1,-1,-1,-1
6/14/2021,44.20833333,-1,-1,-1,-1,-1,-1,12.85177381,-1,-1,-1,-1,-1
6/15/2021,67.20833333,-1,-1,-1,-1,-1,-1,-1,-1,-1,-1,-1,-1
6/16/2021,37.79166667,-1,-1,-1,-1,-1,-1,-1,-1,-1,-1,-1,-1
6/17/2021,71.08333333,-1,-1,-1,-1,-1,-1,-1,-1,-1,-1,-1,-1
6/18/2021,61.29166667,-1,-1,-1,-1,-1,-1,-1,-1,-1,-1,-1,-1
6/19/2021,49.75,-1,-1,-1,-1,-1,-1,-1,-1,-1,-1,-1,-1
6/20/2021,29.83333333,-1,-1,-1,-1,-1,-1,-1,-1,-1,-1,-1,-1
6/21/2021,38.91666667,-1,-1,-1,-1,-1,-1,-1,-1,-1,-1,-1,-1
6/22/2021,45.70833333,-1,-1,-1,-1,-1,-1,-1,-1,-1,-1,-1,-1
6/23/2021,56.375,-1,-1,-1,-1,-1,-1,-1,-1,-1,-1,-1,-1
6/24/2021,60.83333333,-1,-1,-1,-1,-1,-1,-1,-1,-1,-1,-1,-1
6/25/2021,-1,-1,-1,-1,-1,-1,-1,-1,-1,-1,-1,-1,-1
6/26/2021,-1,-1,-1,-1,-1,-1,-1,-1,-1,-1,-1,-1,-1
6/27/2021,-1,-1,-1,-1,-1,-1,-1,-1,-1,-1,-1,-1,-1
6/28/2021,-1,-1,-1,-1,-1,-1,-1,-1,-1,-1,-1,-1,-1
6/29/2021,-1,-1,-1,-1,-1,-1,-1,-1,-1,-1,-1,-1,-1
6/30/2021,-1,-1,-1,-1,-1,-1,-1,-1,-1,-1,-1,-1,-1
7/1/2021,-1,-1,-1,-1,-1,-1,-1,-1,-1,-1,-1,-1,-1
7/2/2021,-1,-1,-1,-1,-1,-1,-1,-1,-1,-1,-1,-1,-1
7/3/2021,-1,-1,-1,-1,-1,-1,-1,-1,-1,-1,-1,-1,-1
7/4/2021,-1,-1,-1,-1,-1,-1,-1,-1,-1,-1,-1,-1,-1
7/5/2021,-1,-1,-1,-1,-1,-1,-1,-1,-1,-1,-1,-1,-1
7/6/2021,-1,-1,-1,-1,-1,-1,-1,-1,-1,-1,-1,-1,-1
7/7/2021,-1,-1,-1,-1,-1,-1,-1,-1,-1,-1,-1,-1,-1
7/8/2021,-1,-1,-1,-1,-1,-1,-1,-1,-1,-1,-1,-1,-1
7/9/2021,-1,-1,-1,-1,-1,-1,-1,-1,-1,-1,-1,-1,-1
7/10/2021,74.20833333,-1,-1,-1,-1,-1,-1,-1,-1,-1,-1,-1,-1
7/11/2021,62.79166667,-1,-1,-1,-1,-1,-1,-1,-1,-1,-1,-1,-1
7/12/2021,31.58333333,-1,-1,-1,-1,-1,-1,-1,-1,-1,-1,-1,-1
7/13/2021,40.83333333,-1,-1,-1,-1,-1,-1,-1,-1,-1,-1,-1,-1
7/14/2021,44.04166667,-1,-1,-1,-1,-1,-1,-1,-1,-1,-1,-1,-1
7/15/2021,35.375,-1,-1,-1,-1,-1,-1,-1,-1,-1,-1,-1,-1
7/16/2021,36.16666667,-1,-1,-1,-1,-1,-1,-1,-1,-1,-1,-1,-1
7/17/2021,58.625,-1,-1,-1,-1,-1,-1,-1,-1,-1,-1,-1,-1
7/18/2021,66.70833333,-1,-1,-1,-1,-1,-1,-1,-1,-1,-1,-1,-1
7/19/2021,44.41666667,-1,-1,-1,-1,-1,-1,-1,-1,-1,-1,-1,-1
7/20/2021,18.375,-1,-1,-1,-1,-1,-1,-1,-1,-1,-1,-1,-1
7/21/2021,29.75,-1,-1,-1,-1,-1,-1,-1,-1,-1,-1,-1,-1
7/22/2021,43.58333333,-1,-1,-1,-1,-1,-1,-1,-1,-1,-1,-1,-1
7/23/2021,41.75,-1,-1,-1,-1,-1,-1,-1,-1,-1,-1,-1,-1
7/24/2021,43.375,-1,-1,-1,-1,-1,-1,-1,-1,-1,-1,-1,-1
7/25/2021,47.91666667,-1,-1,-1,-1,-1,-1,-1,-1,-1,-1,-1,-1
7/26/2021,53.375,-1,-1,-1,-1,-1,-1,-1,-1,-1,-1,-1,-1
7/27/2021,53.04166667,-1,-1,-1,-1,-1,-1,-1,-1,-1,-1,-1,-1
7/28/2021,39.16666667,-1,-1,-1,-1,-1,-1,-1,-1,-1,-1,-1,-1
7/29/2021,23.375,-1,-1,-1,-1,-1,-1,-1,-1,-1,-1,-1,-1
7/30/2021,21.75,-1,-1,-1,-1,-1,-1,-1,-1,-1,-1,-1,-1
7/31/2021,66.58333333,-1,-1,-1,-1,-1,-1,-1,-1,-1,-1,-1,-1
8/1/2021,92.875,-1,-1,-1,-1,-1,-1,-1,-1,-1,-1,-1,-1
8/2/2021,37.125,-1,-1,-1,-1,-1,-1,-1,-1,-1,-1,-1,-1
8/3/2021,84.58333333,-1,-1,-1,-1,-1,-1,-1,-1,-1,-1,-1,-1
8/4/2021,43.91666667,-1,-1,-1,-1,-1,-1,36.61683908,-1,-1,-1,-1,26
8/5/2021,52.79166667,-1,-1,-1,-1,-1,-1,48.7323892,-1,-1,-1,-1,-1
8/6/2021,-1,-1,54.03654416,-1,-1,-1,-1,49.01541927,-1,-1,-1,-1,-1
8/7/2021,-1,-1,94.33786997,68.55176977,-1,-1,-1,89.72040621,99.49582302,98.21282718,-1,-1,-1
8/8/2021,-1,-1,81.55947917,65.37154443,82.47649752,65.8328449,-1,70.46559914,83.53719923,88.65297033,-1,-1,-1
8/9/2021,-1,-1,60.4965871,54.30168247,72.58394653,64.6781506,-1,55.68881348,62.49823952,65.52137339,-1,-1,-1
8/10/2021,-1,-1,57.04451801,52.40555125,80.57377381,65.74208144,-1,52.99801945,60.25352337,63.84667907,-1,-1,26
8/11/2021,62.79166667,-1,57.66759059,50.98769167,50.76614271,48.64968436,-1,47.47056719,66.3206482,65.01635392,-1,-1,58.8
8/12/2021,-1,-1,45.14046932,42.4994069,44.27513697,43.55552609,-1,41.50194218,49.49688413,49.31444112,-1,-1,61
8/13/2021,-1,-1,51.33595843,54.05520009,49.41347508,51.81772241,-1,45.97594323,55.04509836,56.98881902,-1,-1,61.4
8/14/2021,74,-1,53.34693763,44.61745075,63.02045876,66.76804439,-1,49.43980294,54.14878687,56.0248828,-1,-1,44.5
8/15/2021,54.33333333,-1,42.95806515,-1,61.65748615,48.42597627,-1,41.00717487,43.22060064,-1,-1,-1,-1
8/16/2021,65.58333333,-1,51.76906499,-1,57.54951619,59.14680768,-1,47.69644492,59.99945977,-1,-1,-1,-1
8/17/2021,63.70833333,-1,57.76903073,59.12120139,57.11683046,60.68294729,-1,50.65419023,62.23694452,-1,-1,-1,72
8/18/2021,65.125,-1,59.03997224,-1,54.59229119,69.91409602,-1,51.02606166,61.18808631,-1,-1,-1,65
8/19/2021,60.125,-1,49.06143807,46.60404971,52.23196471,49.41715658,-1,45.30701973,51.08056777,-1,-1,-1,-1
8/20/2021,62.25,-1,50.86332299,48.9083911,55.03837198,55.45438227,-1,46.83946,52.991248,-1,-1,-1,-1
8/21/2021,47.83333333,-1,47.20291353,-1,51.30384096,49.64419836,-1,42.40179877,46.20090203,-1,-1,-1,-1
8/22/2021,35.41666667,-1,39.90544015,38.64069605,44.94344643,46.26400499,-1,36.72831548,40.79241667,-1,-1,-1,-1
8/23/2021,70.83333333,-1,70.03109642,48.49287823,82.17096922,72.32485809,-1,64.84567104,72.06775109,-1,-1,-1,-1
8/24/2021,68.79166667,-1,73.03072185,75.53850007,70.98668645,67.92277766,-1,62.79252552,79.35049656,81.09039708,-1,-1,-1
8/25/2021,64.66666667,-1,52.63746127,59.33084645,52.71032831,53.13440967,-1,49.30678898,58.97870655,62.12844943,-1,-1,-1
8/26/2021,76.04166667,-1,47.25890904,46.68861289,-1,45.60972521,49.35707639,43.64679799,52.17161204,46.63002992,-1,-1,-1
8/27/2021,66.125,-1,42.53417923,41.18502346,42.79433829,39.08574877,44.67122222,39.18872268,45.7168465,45.09526221,-1,-1,-1
8/28/2021,60.16666667,-1,43.52131944,38.75579848,49.59594059,43.44155004,45.30144444,39.8066857,44.89980769,48.67053906,-1,-1,-1
8/29/2021,61.79166667,-1,49.88457236,45.4377127,50.38802945,46.40788431,51.85015327,45.63487613,52.77016672,60.25519947,-1,-1,-1
8/30/2021,63.625,-1,-1,60.79869965,66.34172773,61.00880692,66.65492087,58.79426405,68.08874574,77.48840052,-1,-1,-1
8/31/2021,52.58333333,-1,-1,44.87247899,54.34251011,46.36059171,54.05890823,47.18096997,50.26882615,54.81544133,-1,-1,-1
9/1/2021,-1,-1,62.65019581,44.16653271,55.97701784,52.47741894,61.76131631,52.20761629,76.29829122,60.79738526,-1,-1,-1
9/2/2021,-1,-1,96.72477961,69.66181696,73.89435057,75.37128305,99.66129861,81.42397415,112.1064669,92.45570139,-1,-1,-1
9/3/2021,-1,-1,58.95428192,53.45697197,66.42032841,83.01878326,60.67976278,50.72324613,61.68114469,63.78264844,-1,-1,-1
9/4/2021,-1,-1,63.04678448,53.40386271,73.81481069,71.36090905,64.44492361,61.32571182,60.75353736,61.01027083,-1,-1,-1
9/5/2021,-1,-1,69.5449035,69.90695067,68.87745139,69.14549919,72.81096863,63.30467896,68.53571552,78.05658875,-1,-1,-1
9/6/2021,-1,-1,63.08862716,64.27467601,59.7450662,57.88453669,65.76208956,-1,66.43804507,77.97765622,-1,-1,-1
9/7/2021,-1,-1,60.06350694,66.40491115,55.23124344,59.39434081,63.51716667,-1,60.90795903,69.57733804,-1,-1,-1
9/8/2021,-1,-1,47.37636485,46.39437792,62.63899947,52.03398952,47.85380651,44.31997605,49.5596471,53.24258036,-1,-1,-1
9/9/2021,-1,-1,52.38261806,41.51887532,82.91506705,68.76858239,53.98870139,47.86848991,52.32120609,55.05417769,-1,-1,-1
9/10/2021,45.75,-1,40.37874977,41.93774885,56.40734885,51.19421469,40.02484816,37.66453603,39.4681159,44.53590781,-1,-1,-1
9/11/2021,58.45833333,-1,40.97372979,28.19072992,65.50126224,46.06356823,45.09002123,45.39631262,34.07654881,39.34669517,-1,-1,-1
9/12/2021,58.66666667,-1,42.57732375,32.85394062,-1,53.73471478,41.59089895,44.58104907,39.9209906,41.73055042,-1,-1,-1
9/13/2021,81.54166667,-1,77.935814,60.94795051,-1,91.57970561,74.79064296,64.86817237,86.25503472,80.54558361,-1,-1,-1
9/14/2021,62.16666667,-1,-1,42.59326855,-1,54.86303728,47.06148422,46.45782453,55.07291316,55.47334272,-1,-1,-1
9/15/2021,92,-1,-1,54.83474235,-1,82.98708894,74.69249282,76.40293904,79.03445283,77.60265182,-1,-1,-1
9/16/2021,47.83333333,-1,41.19253963,50.35145634,-1,56.67249111,52.9694205,47.74845999,53.94279403,55.62620115,-1,-1,-1
9/17/2021,25.33333333,-1,31.37730682,28.05946175,-1,31.96907341,32.59804239,29.60852215,35.63824241,38.71745833,-1,-1,-1
9/18/2021,42.83333333,-1,52.3472125,53.13098988,-1,53.21206144,53.95767217,49.49597067,59.56953979,60.67431944,-1,-1,-1
9/19/2021,56.41666667,-1,78.58843673,62.91561949,-1,64.30481794,81.45906609,67.59968349,76.93331758,90.0228113,-1,-1,-1
9/20/2021,78.41666667,-1,93.00206462,83.23961397,-1,75.13955156,97.09257974,85.01173071,95.37941121,112.0392029,-1,-1,-1
9/21/2021,55.04166667,-1,54.49385545,43.83092241,-1,54.54692664,57.01201389,54.99836745,51.1111147,69.06455639,-1,-1,-1
9/22/2021,69.875,-1,-1,42.70506867,-1,63.42894523,57.9280139,53.56205445,52.09343849,-1,-1,-1,-1
9/23/2021,38.58333333,-1,-1,41.54970833,-1,71.02395618,40.39498215,37.53303465,39.78976687,-1,-1,-1,-1
9/24/2021,49.125,-1,-1,37.05111607,-1,43.00717361,46.35076389,47.89460584,48.27891794,-1,-1,-1,-1
9/25/2021,114.5652174,-1,-1,95.14057974,-1,118.1608829,99.191875,75.76298177,101.3364056,-1,-1,-1,-1
9/26/2021,147.2083333,-1,-1,91.3677045,-1,107.0921974,138.3471133,135.5128792,121.6800938,-1,-1,-1,-1
9/27/2021,96.29166667,-1,-1,90.43811711,-1,103.1010184,113.8070848,101.6995903,113.4456517,117.9323577,-1,-1,-1
9/28/2021,99.75,-1,119.8292874,122.9629375,-1,153.1094372,129.1007986,110.2161729,119.4610215,-1,-1,-1,74
9/29/2021,63.79166667,-1,83.2392547,70.570465,-1,82.09162314,86.60875963,76.62180804,81.37484945,-1,-1,-1,101.42
9/30/2021,56.5,-1,-1,66.28936676,-1,70.54403879,91.28711864,76.5536042,88.81572632,-1,-1,-1,19.5
10/1/2021,91.16666667,-1,-1,92.64584828,-1,102.1451231,112.4425556,95.23413524,99.36837245,-1,-1,-1,-1
10/2/2021,48.41666667,-1,42.63755467,56.59659461,-1,66.43549289,66.12923611,55.02961961,63.24786608,-1,-1,-1,66.8
10/3/2021,44.33333333,-1,52.15908333,50.77599315,-1,59.34012205,52.95306944,48.40625034,58.65016547,-1,-1,-1,-1
10/4/2021,50.58333333,-1,52.73196481,50.51024795,-1,47.9205833,54.6808142,49.20033936,53.18975155,-1,-1,-1,19.5
10/5/2021,74.25,-1,68.81446845,43.14258592,-1,51.58154751,74.09221226,57.98451916,59.4541844,-1,-1,-1,-1
10/6/2021,105.3333333,-1,96.76042026,96.57342193,-1,139.6519496,103.6987361,92.86135489,93.22428525,-1,-1,-1,22.4
10/7/2021,82.75,-1,99.52313471,98.65250964,-1,93.84908177,99.454625,87.93959906,94.96307166,-1,-1,-1,65.83
10/8/2021,97.125,-1,109.3096468,124.5619321,-1,133.6043194,102.3598822,86.88812787,112.9080138,-1,-1,-1,-1
10/9/2021,109.2916667,-1,112.3249846,87.77371028,-1,111.8378079,117.4332083,99.46381064,104.3649706,-1,-1,-1,-1
10/10/2021,72.25,-1,76.10138242,73.03193666,-1,87.25879478,80.01419444,70.20789507,74.25449573,-1,-1,-1,-1
10/11/2021,66.625,-1,69.02171826,59.49643511,-1,67.85592361,68.44058333,64.16967833,70.71466488,-1,-1,-1,-1
10/12/2021,110.9166667,-1,145.1367522,135.3501132,-1,121.2704183,138.6080165,132.6589754,133.129283,-1,-1,-1,-1
10/13/2021,150.9166667,-1,-1,129.0599552,-1,158.4289032,136.8807222,121.1439023,126.1210042,-1,-1,-1,-1
10/14/2021,145.5416667,-1,-1,142.6831944,-1,201.0599596,135.1995694,125.9995891,154.3453859,-1,-1,-1,-1
10/15/2021,140.0416667,-1,-1,135.5878733,-1,170.3756752,129.4683889,121.7468077,130.9138341,125.0199981,-1,-1,-1
10/16/2021,146.8333333,-1,153.2409875,173.9194749,170.5763156,166.0233165,158.6547486,143.3665161,149.8373122,168.6436758,-1,-1,-1
10/17/2021,184.7916667,-1,177.3481097,205.4184787,189.6245841,232.4944514,182.3419988,169.8536472,159.8810533,173.8645127,-1,-1,-1
10/18/2021,102.5833333,-1,129.9011759,174.6883329,129.9553254,187.9915143,121.7923333,120.5623406,120.5853694,137.5311667,-1,-1,-1
10/19/2021,131.5,-1,126.1978987,-1,132.5436494,131.930654,131.8497457,129.382344,122.6624025,127.3666384,-1,-1,-1
10/20/2021,122.7916667,-1,-1,-1,164.1805903,154.0148128,139.0358472,132.8205933,145.763,151.8875328,-1,-1,76.25
10/21/2021,-1,-1,-1,-1,218.4431806,208.3054481,204.4181812,190.0623778,199.324631,199.2860243,-1,-1,104.72
10/22/2021,-1,-1,-1,-1,134.2346213,174.6446715,142.6802431,127.8734372,128.884239,149.1508068,-1,-1,-1
10/23/2021,-1,-1,62.36742935,-1,58.41749306,69.199582,58.33207639,53.23738423,58.60146109,67.51471589,-1,-1,48.8
10/24/2021,-1,-1,34.67425451,-1,46.19180278,43.6091807,34.17304861,33.90592774,33.58254167,-1,-1,-1,57.8
10/25/2021,-1,-1,98.08259779,-1,92.7433125,113.0717646,98.79340513,103.4728521,96.54303141,-1,-1,-1,-1
10/26/2021,-1,-1,134.9295264,-1,156.5059025,155.9443021,124.6134306,145.9525982,121.5029373,-1,-1,-1,-1
10/27/2021,-1,-1,243.1195565,-1,253.4941892,297.2711416,224.9439583,245.2560424,189.5290263,197.5508575,-1,-1,-1
10/28/2021,-1,-1,215.5689968,-1,231.1954078,241.4969539,185.365193,192.755716,173.9386315,178.9208056,-1,-1,106
10/29/2021,-1,-1,-1,-1,295.6743774,324.3129962,253.782622,253.6528929,238.7502874,237.2471997,-1,-1,74
10/30/2021,-1,-1,231.5187729,-1,237.4476499,227.1431777,238.0943403,-1,200.8584484,216.1575673,-1,-1,112
10/31/2021,-1,-1,164.655289,-1,202.7083154,184.0173006,163.8204337,-1,166.5960829,176.8501037,-1,-1,93.85
11/1/2021,-1,-1,-1,-1,392.2979375,414.0517198,379.6464624,-1,346.5785471,402.2543745,-1,-1,101.11
11/2/2021,-1,-1,-1,-1,131.0772569,123.2443164,111.3243056,128.6458217,104.6094804,121.1261276,-1,-1,241
11/3/2021,-1,-1,-1,-1,132.1476888,148.9186955,93.36738051,-1,81.28161359,87.53853017,-1,-1,40
11/4/2021,-1,-1,254.3309737,-1,257.6617592,254.0397626,217.7929073,-1,222.0474975,227.7691844,-1,-1,76
11/5/2021,-1,-1,322.2107607,-1,316.8629459,317.2413681,305.1813889,-1,256.5037483,296.4911389,-1,-1,153
11/6/2021,-1,-1,279.2619635,-1,241.0844236,261.8934654,262.0140972,-1,243.4826705,275.7293333,-1,-1,-1
11/7/2021,-1,-1,250.0572951,-1,255.8995278,262.0366878,261.2246027,258.7461815,275.5942307,306.1783148,-1,-1,111
11/8/2021,-1,-1,-1,290.9952932,343.167743,374.0771178,331.0789653,-1,286.5628903,310.3298245,-1,-1,105.66
11/9/2021,-1,-1,-1,307.9051099,327.4797778,312.8295347,288.8090069,-1,269.6064539,296.9762469,-1,-1,-1
11/10/2021,-1,-1,379.1372624,328.8966266,385.2517876,323.9633194,352.4205556,360.4600959,328.3754794,373.1944648,-1,-1,-1
11/11/2021,-1,-1,429.6221891,388.52571,420.4997083,434.0497669,411.0154514,390.6867452,337.4958945,382.1099989,-1,-1,-1
11/12/2021,-1,-1,338.9163348,322.3242862,339.0247361,364.0605224,313.8882026,-1,288.0711795,314.9439022,-1,-1,-1
11/13/2021,-1,-1,281.4409896,282.1760625,331.4159306,334.231217,286.9241205,-1,250.8536305,277.6629047,-1,-1,-1
11/14/2021,-1,-1,229.4239351,232.1756276,281.1463705,276.3668142,229.8883241,227.2384596,209.5988983,250.7769016,-1,-1,108.45
11/15/2021,-1,-1,340.4724494,331.347754,441.2732608,358.7923077,352.5550208,360.6006608,317.2850392,347.5721051,-1,-1,122
11/16/2021,-1,-1,-1,232.911557,307.2262847,293.5689667,238.4129638,254.1145502,230.161954,252.6443056,-1,-1,162
11/17/2021,-1,-1,-1,298.7031018,307.8207986,400.1051023,286.3086358,293.0741632,268.3366116,316.9572696,-1,-1,-1
11/18/2021,-1,-1,388.2663199,383.9846333,402.6239167,429.5213056,375.210074,377.3903364,330.9024064,383.4541727,-1,-1,-1
11/19/2021,-1,-1,408.0001201,-1,443.2065759,470.3929236,386.2977986,395.3226785,342.2434222,397.3213439,-1,-1,-1
11/20/2021,-1,-1,359.5308116,-1,407.644177,469.6111245,371.1697973,-1,324.1615573,378.1249861,-1,-1,-1
11/21/2021,-1,-1,281.8893155,-1,297.9753194,288.3552193,292.2073779,-1,278.8940884,299.4654688,-1,-1,137
11/22/2021,-1,-1,-1,-1,250.8936464,202.3284658,232.6618681,-1,216.9853915,223.9988762,-1,-1,130
11/23/2021,-1,-1,313.7962967,-1,291.1372857,270.7969286,274.5369712,-1,261.4205033,321.2790925,-1,-1,127
11/24/2021,-1,-1,245.3042425,-1,266.1066136,253.2439027,240.4634444,239.1921449,210.1686906,272.2508204,-1,-1,-1
11/25/2021,-1,-1,-1,-1,343.2160837,256.8859342,293.6336912,294.8129112,264.6788838,315.3865864,-1,-1,115
11/26/2021,-1,-1,-1,-1,406.1646783,451.9548159,403.5985976,392.1292811,363.8885635,437.7570227,-1,-1,135
11/27/2021,-1,-1,288.4353926,-1,324.6742083,287.3192723,302.0670278,284.1157606,252.6364439,312.0665764,-1,-1,128
11/28/2021,-1,-1,291.7426115,-1,352.8304804,318.8096285,299.2698685,308.2746636,276.4788364,313.0343695,-1,-1,132
11/29/2021,-1,-1,433.5223322,-1,374.1545278,371.6016741,402.9561964,-1,336.7588074,408.6482507,-1,-1,130
11/30/2021,-1,-1,-1,-1,340.9603403,327.5864899,304.0186042,-1,260.4731684,319.5272014,-1,-1,140
12/1/2021,-1,-1,-1,-1,326.5209193,261.2370936,324.1103436,-1,283.60087,375.2967153,-1,-1,137
12/2/2021,-1,-1,-1,319.0381671,347.3789765,363.2124583,323.8642489,-1,260.2510155,338.0904981,-1,-1,117
12/3/2021,-1,-1,-1,339.9074067,377.8035338,347.2993508,290.8740387,-1,262.6340335,337.9727841,-1,-1,113
12/4/2021,-1,-1,295.6367974,309.9724514,312.2393056,329.5420032,311.1988819,-1,253.0487998,-1,-1,-1,131
12/5/2021,-1,-1,306.2735972,306.8168889,371.9414583,302.9873517,323.7747778,-1,236.4935639,-1,-1,-1,121
12/6/2021,-1,-1,245.0270201,263.6632831,258.8250216,259.3282623,259.3994056,-1,176.4060523,252.3200432,-1,-1,110
12/7/2021,-1,-1,-1,229.4388403,283.7663056,240.1095936,226.7917682,250.7011155,170.5280091,236.1239444,-1,-1,112
12/8/2021,206.1291667,-1,-1,236.8280903,287.472039,260.662832,-1,227.8246566,174.2272171,-1,-1,-1,114
12/9/2021,315.5708333,-1,-1,305.9325075,481.9962014,376.3847764,357.1065069,391.770818,317.2460806,-1,-1,-1,110
12/10/2021,297.25,-1,-1,358.7280591,374.9737936,310.2039495,338.0625372,331.1047567,249.5583034,-1,-1,-1,114
12/11/2021,242.2916667,-1,-1,294.6659734,336.0145235,319.1199943,261.7733056,269.2706736,205.9071758,283.0986585,-1,-1,119
12/12/2021,339.9583333,-1,362.895726,337.3059097,419.9275625,364.744374,336.6285347,336.0368303,250.0004207,400.9994028,-1,-1,117
12/13/2021,360.8181818,-1,-1,328.5975999,387.2938993,355.1513606,350.7804305,377.4495002,254.9786821,388.6492261,-1,-1,111
12/14/2021,406.125,-1,-1,352.5945129,425.6966806,375.5683281,402.1376111,423.4181947,259.1057759,437.5774361,-1,-1,118
12/15/2021,502.75,-1,-1,418.0747538,434.5325764,517.9242678,460.8702401,467.0152104,281.1772153,483.7024787,-1,-1,141
12/16/2021,303.3333333,-1,-1,344.987971,332.0810069,350.2798683,356.34325,387.5698322,235.5815811,443.2723158,-1,-1,165
12/17/2021,303.875,-1,-1,313.0015069,264.8928681,334.2252261,279.0130996,303.8627177,181.265186,320.2578194,-1,-1,182
12/18/2021,223,-1,-1,257.7017019,272.1586494,283.4596473,255.1765793,267.4451724,180.8456373,283.4572112,-1,-1,243
12/19/2021,255.75,-1,-1,290.4425491,358.2049413,338.148643,283.7421875,325.5168994,224.9683614,373.0643062,-1,-1,230
12/20/2021,367.375,-1,-1,371.5708094,466.7441597,411.5092963,384.4100694,430.9447665,270.7950557,448.2782029,-1,-1,230
12/21/2021,318.5416667,-1,-1,381.8789082,408.7557778,367.5901215,324.3308642,334.8330305,213.5132125,382.4213975,-1,-1,257
12/22/2021,467.7368421,-1,-1,461.4495429,524.8801457,418.983308,439.0133202,506.5573206,301.4113043,483.0482325,-1,-1,265
12/23/2021,380.2916667,-1,-1,-1,438.1330268,364.1427574,376.5588981,419.4223592,263.4820833,455.7073218,-1,-1,251
12/24/2021,474.3478261,534.73125,482.1476522,-1,504.6258403,357.7304126,440.0069644,464.920771,287.8902687,490.1776219,-1,-1,247
12/25/2021,465.0434783,585.4650416,475.6073186,-1,457.4899275,437.3735044,425.6895556,475.5790376,310.3635285,547.1587893,-1,-1,266
12/26/2021,511.75,574.5456332,498.2973308,-1,526.5297079,405.8866555,457.8037431,502.6018008,295.8489573,493.0318102,-1,-1,269
12/27/2021,360.7826087,398.6773776,348.6178446,-1,395.8137153,319.1411759,311.8029432,331.7353446,216.8537792,358.7337786,-1,-1,310
12/28/2021,169.8888889,233.1972653,180.9056117,-1,202.7260486,211.0879368,174.8573333,176.7608659,134.8299861,218.4500417,-1,-1,230
12/29/2021,-1,261.3222222,252.7009867,-1,290.6571829,272.0713542,236.0238295,265.9046202,184.1496288,267.6315508,-1,-1,135
12/30/2021,-1,314.1166667,320.8320696,-1,345.11925,239.9932569,301.2742153,374.418088,-1,340.9410635,-1,-1,150
12/31/2021,351.75,-1,385.1041644,-1,425.5297431,342.3950296,356.9723264,399.5958098,290.2666981,431.0229239,-1,-1,155
1/1/2022,323.75,544.8673611,317.901709,-1,348.332875,371.3742512,294.7126875,324.0060589,227.5938472,349.8396708,-1,-1,162
1/2/2022,309.2083333,472.4645833,353.5808865,-1,393.6274306,354.1027127,335.538506,380.0151536,243.9690946,363.5520864,-1,-1,190
1/3/2022,246.125,366.0256944,244.4717272,-1,308.0454013,257.0674148,271.2165302,297.1645185,182.7721357,280.8738812,-1,-1,215
1/4/2022,130.3333333,186.9534722,161.5157972,-1,189.1638264,145.6342549,154.4761875,171.6895689,118.7396785,185.1952466,-1,-1,162
1/5/2022,94.875,155.7868056,140.2362763,-1,153.4932823,110.7519457,128.5841646,144.1876891,102.1854522,156.2825287,-1,-1,119
1/6/2022,133.7916667,246.1784722,186.2886541,-1,193.9746111,164.4326489,167.9930575,191.8406463,133.947014,209.9255053,-1,-1,80
1/7/2022,156.9583333,188.5798718,172.3966141,-1,217.2295347,171.8991408,167.4537505,190.8007868,121.8301785,172.4648001,-1,-1,113
1/8/2022,69.625,122.1458333,86.12392778,-1,104.4415759,129.6071798,78.54490972,-1,79.00165572,97.98653793,-1,-1,75
1/9/2022,96.625,162.0104167,134.0855482,-1,144.1178,130.2965351,120.3758889,-1,106.5719292,148.6122335,-1,-1,75
1/10/2022,227.125,368.0701389,284.6766329,268.754847,274.2760764,248.0491976,258.0904375,-1,207.1245144,285.8533041,-1,-1,91
1/11/2022,149.75,229.1229167,174.9368877,195.1196219,223.4514464,219.1051981,164.9002981,-1,134.7644856,180.7929856,-1,-1,130
1/12/2022,273.4761905,437.2979167,358.2129584,329.13454,391.9021118,321.0649254,322.9529279,-1,250.7835693,360.5940617,-1,-1,113
1/13/2022,235.4583333,297.0722222,-1,238.396107,301.0353776,315.0112981,287.3668484,-1,215.1508561,315.4098146,-1,-1,165
1/14/2022,240.875,344.3251282,-1,243.6745163,246.3854234,227.5685443,236.2320721,-1,173.098552,257.428824,-1,-1,183
1/15/2022,294.3333333,405.4972222,-1,269.1408656,279.3380708,286.9651483,245.6325903,-1,179.8858819,260.8704097,-1,-1,188
1/16/2022,299.2083333,377.0138889,-1,254.5363611,261.7980625,282.4744632,208.3660903,-1,151.3386406,229.0528403,-1,-1,195
1/17/2022,340.0416667,419.2951389,-1,271.4980486,310.2116233,253.313088,295.3869375,-1,207.5922412,303.5511375,-1,-1,230.6
1/18/2022,355.0416667,402.3493056,-1,-1,-1,-1,-1,-1,-1,-1,-1,-1,201
1/19/2022,-1,-1,-1,-1,-1,-1,-1,-1,-1,-1,-1,-1,224
1/20/2022,-1,-1,-1,-1,-1,-1,-1,-1,-1,-1,-1,-1,-1
